0.0,0.0,0.02083645761013031,-0.14444178342819214,0.07959392666816711,-0.2826215624809265,0.11714917421340942,-0.3933876156806946,0.12274515628814697,-0.4906606376171112,0.11592525243759155,-0.2888660430908203,0.21273550391197205,-0.24011468887329102,0.19066381454467773,-0.19127538800239563,0.1603054702281952,-0.1910509169101715,0.12226876616477966,-0.20845279097557068,0.2176627814769745,-0.149061918258667,0.18941417336463928,-0.1077466607093811,0.1563774049282074,-0.12135440111160278,0.12532857060432434,-0.11556392908096313,0.2168523669242859,-0.06362766027450562,0.18698367476463318,-0.031034529209136963,0.1519041657447815,-0.04403573274612427,0.12576285004615784,-0.021053791046142578,0.19567221403121948,0.01179736852645874,0.17072570323944092,0.029744446277618408,0.14016178250312805,0.016710340976715088,THUMBS_UP
0.0,0.0,0.018401384353637695,-0.14382797479629517,0.0747392475605011,-0.2811836302280426,0.11088734865188599,-0.389207124710083,0.11493602395057678,-0.4835740923881531,0.1124865710735321,-0.2878277599811554,0.2078399956226349,-0.24077337980270386,0.18567341566085815,-0.19250395894050598,0.1551465094089508,-0.19055360555648804,0.11994218826293945,-0.20832279324531555,0.21328848600387573,-0.1490350365638733,0.18530842661857605,-0.10874098539352417,0.15223249793052673,-0.12051862478256226,0.12394967675209045,-0.11679685115814209,0.21249979734420776,-0.0634508728981018,0.1832548975944519,-0.03199249505996704,0.1490928828716278,-0.043932974338531494,0.125108540058136,-0.023247241973876953,0.19234752655029297,0.01132965087890625,0.167228102684021,0.029262304306030273,0.13752493262290955,0.017106235027313232,THUMBS_UP
0.0,0.0,0.01222585141658783,-0.14081090688705444,0.06845830380916595,-0.28086230158805847,0.10632042586803436,-0.39065122604370117,0.11144043505191803,-0.48537617921829224,0.10561804473400116,-0.2992976903915405,0.20405586063861847,-0.24583086371421814,0.18098653852939606,-0.19988340139389038,0.15148790180683136,-0.2007104754447937,0.11381013691425323,-0.2216910719871521,0.21190328896045685,-0.15344679355621338,0.18153215944766998,-0.1122930645942688,0.14840783178806305,-0.1264272928237915,0.119951531291008,-0.13141095638275146,0.21062494814395905,-0.07111144065856934,0.18037556111812592,-0.0370253324508667,0.14636339247226715,-0.04933655261993408,0.12431307137012482,-0.03888589143753052,0.19051598012447357,0.0007295012474060059,0.16406048834323883,0.021982908248901367,0.13464291393756866,0.009533464908599854,THUMBS_UP
0.0,0.0,0.015862345695495605,-0.14049005508422852,0.06869940459728241,-0.27524492144584656,0.10513512790203094,-0.3835156559944153,0.10914920270442963,-0.47834181785583496,0.10940401256084442,-0.2928771674633026,0.2029847651720047,-0.23831555247306824,0.18014328181743622,-0.1903640329837799,0.1511724442243576,-0.1897079050540924,0.11802487075328827,-0.21629846096038818,0.2089603990316391,-0.14979088306427002,0.17928116023540497,-0.1084865927696228,0.14694689214229584,-0.12236011028289795,0.12402050197124481,-0.12600523233413696,0.20888517796993256,-0.06601005792617798,0.17835722863674164,-0.032675743103027344,0.14482896029949188,-0.045883357524871826,0.12809045612812042,-0.032972753047943115,0.1912037581205368,0.005792498588562012,0.16455887258052826,0.02686762809753418,0.13555018603801727,0.014816582202911377,THUMBS_UP
0.0,0.0,0.07855860888957977,-0.017475605010986328,0.16170667111873627,-0.12964308261871338,0.22008384764194489,-0.22441455721855164,0.27693064510822296,-0.2476191222667694,0.1360691338777542,-0.29981133341789246,0.12911517918109894,-0.35490092635154724,0.10784412920475006,-0.23814240097999573,0.10925151407718658,-0.21059727668762207,0.08010177314281464,-0.32015666365623474,0.06400543451309204,-0.3420317769050598,0.05231165885925293,-0.20128685235977173,0.0692545622587204,-0.20416662096977234,0.02533942461013794,-0.31293413043022156,0.008569508790969849,-0.32532867789268494,0.00804978609085083,-0.20551878213882446,0.027951911091804504,-0.20859557390213013,-0.024057134985923767,-0.29702141880989075,-0.04136461019515991,-0.30163002014160156,-0.035277292132377625,-0.22306513786315918,-0.022898614406585693,-0.21810871362686157,THUMBS_UP
0.0,0.0,0.07950334995985031,-0.08403980731964111,0.13127434998750687,-0.2343895137310028,0.15161976963281631,-0.3625371754169464,0.1781393066048622,-0.43948404490947723,0.06944378465414047,-0.34590134024620056,0.07364653795957565,-0.43009984493255615,0.07282739132642746,-0.3019218444824219,0.06586729735136032,-0.2702041268348694,0.01706550270318985,-0.3307598829269409,0.021099142730236053,-0.3869086802005768,0.03152070194482803,-0.24339386820793152,0.02792363613843918,-0.2408072054386139,-0.030252158641815186,-0.2961214482784271,-0.025964781641960144,-0.3467673361301422,-0.009196363389492035,-0.21899548172950745,-0.011566638946533203,-0.2126656174659729,-0.07790065556764603,-0.2605517506599426,-0.07359013706445694,-0.2887941300868988,-0.05267681926488876,-0.21117618680000305,-0.0532069131731987,-0.19662925601005554,THUMBS_UP
0.0,0.0,0.08745788037776947,-0.15287315845489502,0.11170904338359833,-0.32050570845603943,0.10860610008239746,-0.43963176012039185,0.10293595492839813,-0.5462201237678528,-0.009656265377998352,-0.4257430136203766,0.07559117674827576,-0.42375612258911133,0.0829242616891861,-0.3068814277648926,0.0603078156709671,-0.28296715021133423,-0.05375715345144272,-0.3800707757472992,0.049962759017944336,-0.32870325446128845,0.05428934097290039,-0.22105109691619873,0.02817431092262268,-0.2235909104347229,-0.07898372411727905,-0.3006676733493805,0.029386207461357117,-0.23909956216812134,0.03639310598373413,-0.15530061721801758,0.011027634143829346,-0.16317051649093628,-0.09286577999591827,-0.21429431438446045,-0.0025445222854614258,-0.15286654233932495,0.00939786434173584,-0.10283470153808594,-0.01329830288887024,-0.11200213432312012,THUMBS_UP
0.0,0.0,0.0752270519733429,-0.17869341373443604,0.09793791174888611,-0.3486742377281189,0.09657388925552368,-0.46219754219055176,0.08458739519119263,-0.5670928955078125,-0.026310056447982788,-0.4032820761203766,0.0959920585155487,-0.3822599947452545,0.09756395220756531,-0.3034442663192749,0.06940320134162903,-0.2911362051963806,-0.05977056175470352,-0.3180915117263794,0.0875895619392395,-0.2655823826789856,0.08430637419223785,-0.21866655349731445,0.05279843509197235,-0.22624605894088745,-0.07169171422719955,-0.21613460779190063,0.07108533382415771,-0.1666051149368286,0.07038450241088867,-0.13191258907318115,0.0412745475769043,-0.1427871584892273,-0.06931096315383911,-0.12083673477172852,0.04420675337314606,-0.08013862371444702,0.04921579360961914,-0.0648382306098938,0.019136205315589905,-0.08269655704498291,THUMBS_UP
0.0,0.0,-0.008527934551239014,0.12418240308761597,0.03630217909812927,0.12599992752075195,0.09175816178321838,0.06619232892990112,0.1249643862247467,-0.058507949113845825,-0.011208325624465942,0.015860319137573242,0.10667470097541809,0.12273693084716797,0.07427558302879333,0.14602285623550415,0.04310843348503113,0.11537879705429077,0.010168641805648804,-0.06781232357025146,0.1336810290813446,0.05056285858154297,0.0928029716014862,0.08056974411010742,0.05650720000267029,0.06120675802230835,0.03735700249671936,-0.13155412673950195,0.15785691142082214,-0.020153045654296875,0.11453679203987122,0.014586865901947021,0.07058051228523254,-0.0003306269645690918,0.06950554251670837,-0.17250102758407593,0.16021683812141418,-0.10046824812889099,0.13064363598823547,-0.07084682583808899,0.0928400456905365,-0.07811707258224487,THUMBS_UP
0.0,0.0,-0.01945418119430542,-0.18492275476455688,-0.025281906127929688,-0.35518592596054077,-0.021751821041107178,-0.4944151043891907,0.002633392810821533,-0.6268047094345093,0.05242687463760376,-0.2753583788871765,-0.12143397331237793,-0.30284547805786133,-0.11578512191772461,-0.2651221454143524,-0.06277644634246826,-0.25603049993515015,0.05450648069381714,-0.137001633644104,-0.14583927392959595,-0.17166513204574585,-0.11556172370910645,-0.1421581506729126,-0.05803406238555908,-0.1338401436805725,0.04206937551498413,-0.0053910017013549805,-0.1454683542251587,-0.041615843772888184,-0.11711245775222778,-0.02757197618484497,-0.06628894805908203,-0.025486111640930176,0.01933753490447998,0.11543828248977661,-0.1248735785484314,0.08615565299987793,-0.10416877269744873,0.08234751224517822,-0.059111714363098145,0.08176028728485107,THUMBS_UP
0.0,0.0,-0.011007249355316162,-0.20660966634750366,-0.0917869508266449,-0.41990259289741516,-0.16263490915298462,-0.5722953975200653,-0.1937621831893921,-0.6985507905483246,-0.10978806018829346,-0.40170368552207947,-0.27276675403118134,-0.3477781414985657,-0.23994439840316772,-0.29602622985839844,-0.18585696816444397,-0.3091773986816406,-0.1155095100402832,-0.262631893157959,-0.27161505818367004,-0.20016062259674072,-0.2197241485118866,-0.18295860290527344,-0.1702902913093567,-0.2002924680709839,-0.1197618842124939,-0.12750780582427979,-0.2536875009536743,-0.06988263130187988,-0.20571458339691162,-0.058850109577178955,-0.15959244966506958,-0.07661080360412598,-0.12101319432258606,-0.0042754411697387695,-0.2297077178955078,0.03257286548614502,-0.19411981105804443,0.037226974964141846,-0.1481848955154419,0.030430197715759277,THUMBS_UP
0.0,0.0,-0.027550220489501953,-0.19570153951644897,-0.10923311114311218,-0.3873951733112335,-0.1770661473274231,-0.5133970379829407,-0.20504242181777954,-0.6329229772090912,-0.14711210131645203,-0.38678449392318726,-0.2904743105173111,-0.3005375862121582,-0.2528444826602936,-0.23967576026916504,-0.20192494988441467,-0.25415897369384766,-0.15019699931144714,-0.2538082003593445,-0.29010815918445587,-0.15728557109832764,-0.24140393733978271,-0.12578678131103516,-0.19571805000305176,-0.14241164922714233,-0.14993518590927124,-0.1152794361114502,-0.273458793759346,-0.03630220890045166,-0.22676780819892883,-0.018515706062316895,-0.1839699149131775,-0.040854573249816895,-0.14795514941215515,0.014214158058166504,-0.2467980980873108,0.06177467107772827,-0.21074190735816956,0.07150411605834961,-0.17045104503631592,0.05631375312805176,THUMBS_UP
0.0,0.0,-0.034786999225616455,-0.15309184789657593,-0.05009472370147705,-0.3433389663696289,-0.05367368459701538,-0.49764080345630646,-0.04042947292327881,-0.6554148197174072,0.05063074827194214,-0.29088887572288513,-0.11753237247467041,-0.28903675079345703,-0.11099261045455933,-0.23935571312904358,-0.060086071491241455,-0.22354170680046082,0.07624149322509766,-0.143774151802063,-0.1407794952392578,-0.13167297840118408,-0.11416029930114746,-0.10083287954330444,-0.05680131912231445,-0.09640157222747803,0.07377654314041138,0.006225526332855225,-0.12957614660263062,0.00587087869644165,-0.10265624523162842,0.023210644721984863,-0.050768494606018066,0.027996957302093506,0.05494421720504761,0.1398565173149109,-0.09491676092147827,0.12404793500900269,-0.08107995986938477,0.11763936281204224,-0.03911280632019043,0.11485666036605835,THUMBS_UP
0.0,0.0,-0.04990231990814209,-0.19817477464675903,-0.07697343826293945,-0.3773553967475891,-0.08960121870040894,-0.532885953783989,-0.07254230976104736,-0.6888324916362762,0.0287361741065979,-0.2949793338775635,-0.17305493354797363,-0.296154260635376,-0.16481488943099976,-0.24942272901535034,-0.10069799423217773,-0.25809308886528015,0.04067528247833252,-0.13231903314590454,-0.1913374662399292,-0.13826167583465576,-0.15281999111175537,-0.11613267660140991,-0.08685046434402466,-0.13164371252059937,0.03505873680114746,0.018146514892578125,-0.18188416957855225,0.013091206550598145,-0.14633411169052124,0.023689687252044678,-0.08739084005355835,0.008634448051452637,0.018833279609680176,0.155592679977417,-0.1515355110168457,0.15631777048110962,-0.12701469659805298,0.15040063858032227,-0.0752292275428772,0.13503342866897583,THUMBS_UP
0.0,0.0,-0.018714308738708496,-0.1079060435295105,-0.05749404430389404,-0.21984350681304932,-0.08595782518386841,-0.3139546811580658,-0.0945277214050293,-0.3988468050956726,-0.05993163585662842,-0.22876322269439697,-0.1624804139137268,-0.20933014154434204,-0.15410780906677246,-0.17061662673950195,-0.12395739555358887,-0.16999870538711548,-0.05811023712158203,-0.1550624966621399,-0.1657193899154663,-0.12338793277740479,-0.14444470405578613,-0.09296232461929321,-0.11536401510238647,-0.09404051303863525,-0.06217396259307861,-0.07206368446350098,-0.15722423791885376,-0.045440733432769775,-0.1354355812072754,-0.026216506958007812,-0.10700374841690063,-0.031167447566986084,-0.06579899787902832,0.008540153503417969,-0.14327609539031982,0.022947251796722412,-0.12765830755233765,0.03144639730453491,-0.10053616762161255,0.02868366241455078,THUMBS_UP
0.0,0.0,-0.01552891731262207,-0.10450434684753418,-0.05538284778594971,-0.2146555781364441,-0.08762919902801514,-0.29217877984046936,-0.10028433799743652,-0.36089998483657837,-0.0796281099319458,-0.22313320636749268,-0.15899837017059326,-0.1863000988960266,-0.14132344722747803,-0.15211176872253418,-0.1144024133682251,-0.1574496030807495,-0.08598607778549194,-0.16317015886306763,-0.16393017768859863,-0.11518669128417969,-0.13902521133422852,-0.0910521149635315,-0.113944411277771,-0.09693372249603271,-0.09141260385513306,-0.09173852205276489,-0.16137701272964478,-0.05028802156448364,-0.13670343160629272,-0.03056246042251587,-0.11282104253768921,-0.036634862422943115,-0.09662222862243652,-0.019676566123962402,-0.14886951446533203,0.010020673274993896,-0.12809395790100098,0.023906946182250977,-0.10588395595550537,0.019598305225372314,THUMBS_UP
0.0,0.0,-0.012907683849334717,-0.11880892515182495,-0.05190032720565796,-0.22488850355148315,-0.0884397029876709,-0.2975081205368042,-0.10418814420700073,-0.36669936776161194,-0.08803844451904297,-0.2208368182182312,-0.1618882417678833,-0.1853417158126831,-0.14381402730941772,-0.1538591980934143,-0.11799567937850952,-0.15647810697555542,-0.09637683629989624,-0.15823042392730713,-0.16446733474731445,-0.10962384939193726,-0.13868582248687744,-0.0891873836517334,-0.11460721492767334,-0.09543478488922119,-0.1015176773071289,-0.08545053005218506,-0.161493182182312,-0.0455549955368042,-0.13535386323928833,-0.02971172332763672,-0.11182814836502075,-0.03637975454330444,-0.10608208179473877,-0.012819230556488037,-0.15015196800231934,0.013085722923278809,-0.12800133228302002,0.02555370330810547,-0.10742789506912231,0.022000610828399658,THUMBS_UP
0.0,0.0,-0.005262196063995361,-0.15565121173858643,-0.047569870948791504,-0.27320796251296997,-0.09871476888656616,-0.3488001823425293,-0.12046083807945251,-0.4210589528083801,-0.10380604863166809,-0.25893348455429077,-0.1640453040599823,-0.20538675785064697,-0.13844406604766846,-0.17262482643127441,-0.11154869198799133,-0.17815887928009033,-0.11521267890930176,-0.1787853240966797,-0.16726988554000854,-0.11785614490509033,-0.13612645864486694,-0.10401386022567749,-0.11134609580039978,-0.11311841011047363,-0.11811786890029907,-0.09615278244018555,-0.16107824444770813,-0.046005427837371826,-0.13217130303382874,-0.03694915771484375,-0.10807240009307861,-0.04811704158782959,-0.1177346408367157,-0.01975107192993164,-0.1496143341064453,0.015925049781799316,-0.124199777841568,0.02305746078491211,-0.10202285647392273,0.014692187309265137,THUMBS_UP
0.0,0.0,-0.01576709747314453,-0.10810083150863647,-0.058036744594573975,-0.20740127563476562,-0.09391975402832031,-0.2780555188655853,-0.10895586013793945,-0.3470724821090698,-0.08732926845550537,-0.21769669651985168,-0.1687270998954773,-0.17592772841453552,-0.15471631288528442,-0.13859593868255615,-0.12803083658218384,-0.1396535038948059,-0.09236031770706177,-0.1622025966644287,-0.1696394681930542,-0.10131502151489258,-0.1456560492515564,-0.07353365421295166,-0.12156063318252563,-0.07686793804168701,-0.09590810537338257,-0.09056919813156128,-0.16428333520889282,-0.03628194332122803,-0.13938677310943604,-0.01485055685043335,-0.11668354272842407,-0.01886671781539917,-0.09840351343154907,-0.016520678997039795,-0.15098470449447632,0.018714725971221924,-0.131913959980011,0.03536707162857056,-0.11242598295211792,0.03386330604553223,THUMBS_UP
0.0,0.0,-0.018002450466156006,-0.10335338115692139,-0.055124521255493164,-0.20409896969795227,-0.08432108163833618,-0.2802146077156067,-0.09261953830718994,-0.3478369116783142,-0.07708615064620972,-0.22337600588798523,-0.15362554788589478,-0.18651118874549866,-0.13986492156982422,-0.14828845858573914,-0.11546695232391357,-0.1524353325366974,-0.08128082752227783,-0.17695555090904236,-0.15730071067810059,-0.11852478981018066,-0.13711309432983398,-0.09109532833099365,-0.11495214700698853,-0.09356832504272461,-0.08638584613800049,-0.114524245262146,-0.1528846025466919,-0.058699965476989746,-0.13289892673492432,-0.033982038497924805,-0.11254054307937622,-0.0376247763633728,-0.09113025665283203,-0.04928863048553467,-0.13941609859466553,-0.0035969018936157227,-0.12186318635940552,0.0149649977684021,-0.10283690690994263,0.01123654842376709,THUMBS_UP
0.0,0.0,-0.015596270561218262,-0.09718179702758789,-0.04741579294204712,-0.20011985301971436,-0.07050567865371704,-0.2783346474170685,-0.07100242376327515,-0.34442292153835297,-0.07717770338058472,-0.22803416848182678,-0.15030443668365479,-0.18321973085403442,-0.13581496477127075,-0.14076730608940125,-0.11198920011520386,-0.1446044147014618,-0.08221524953842163,-0.18391931056976318,-0.15483969449996948,-0.1159815788269043,-0.13335072994232178,-0.08463740348815918,-0.11151951551437378,-0.0896613597869873,-0.08844494819641113,-0.12136003375053406,-0.15154671669006348,-0.06071960926055908,-0.13037163019180298,-0.03177237510681152,-0.10923212766647339,-0.03900367021560669,-0.09369003772735596,-0.05644041299819946,-0.13924074172973633,-0.006246685981750488,-0.12101292610168457,0.015157699584960938,-0.10203319787979126,0.008654892444610596,THUMBS_UP
0.0,0.0,-0.01513206958770752,-0.1023637056350708,-0.047538936138153076,-0.20916962623596191,-0.073200523853302,-0.28966212272644043,-0.0749393105506897,-0.3593401461839676,-0.0771825909614563,-0.23128175735473633,-0.15287888050079346,-0.19044822454452515,-0.13837695121765137,-0.14878812432289124,-0.1129046082496643,-0.1522991955280304,-0.08107197284698486,-0.18562021851539612,-0.15745991468429565,-0.12095162272453308,-0.13531190156936646,-0.09105032682418823,-0.1126435399055481,-0.09497278928756714,-0.08678841590881348,-0.12120464444160461,-0.15361982583999634,-0.06253933906555176,-0.13171464204788208,-0.03416717052459717,-0.10990124940872192,-0.04101240634918213,-0.09157907962799072,-0.05455315113067627,-0.13968127965927124,-0.005683183670043945,-0.12081193923950195,0.014606356620788574,-0.10092490911483765,0.008438467979431152,THUMBS_UP
0.0,0.0,-0.015002608299255371,-0.11408382654190063,-0.053427159786224365,-0.22326377034187317,-0.08434820175170898,-0.30259713530540466,-0.09222668409347534,-0.375479519367218,-0.08542251586914062,-0.22688955068588257,-0.16917335987091064,-0.17963477969169617,-0.15409886837005615,-0.14213311672210693,-0.12704741954803467,-0.14778077602386475,-0.08846688270568848,-0.16863924264907837,-0.17167037725448608,-0.1049032211303711,-0.146992027759552,-0.07753467559814453,-0.12193810939788818,-0.0821494460105896,-0.09105873107910156,-0.09668391942977905,-0.16414141654968262,-0.035814642906188965,-0.13888239860534668,-0.014927685260772705,-0.1155310869216919,-0.023229241371154785,-0.09375971555709839,-0.02413308620452881,-0.14752739667892456,0.02175956964492798,-0.12679755687713623,0.035632967948913574,-0.10475951433181763,0.028410792350769043,THUMBS_UP
0.0,0.0,-0.017490506172180176,-0.11688196659088135,-0.06085407733917236,-0.23331594467163086,-0.09080708026885986,-0.31794649362564087,-0.09768283367156982,-0.39584219455718994,-0.09009689092636108,-0.22513902187347412,-0.17583328485488892,-0.18223148584365845,-0.15477174520492554,-0.1499437689781189,-0.1261807084083557,-0.1586630940437317,-0.09448570013046265,-0.15609610080718994,-0.17633193731307983,-0.10393667221069336,-0.14831185340881348,-0.08211487531661987,-0.1220213770866394,-0.08914059400558472,-0.09765070676803589,-0.07762891054153442,-0.16808122396469116,-0.030923306941986084,-0.1400817632675171,-0.016190171241760254,-0.1146005392074585,-0.023848652839660645,-0.10009998083114624,-0.0009781718254089355,-0.14985626935958862,0.03284209966659546,-0.1256374716758728,0.041253864765167236,-0.10169678926467896,0.03413271903991699,THUMBS_UP
0.0,0.0,-0.007256895303726196,-0.15553206205368042,-0.05522385239601135,-0.2653840184211731,-0.10534796118736267,-0.33782100677490234,-0.12465479969978333,-0.41067326068878174,-0.12436127662658691,-0.2503356635570526,-0.1637609302997589,-0.1994989514350891,-0.13707903027534485,-0.17142874002456665,-0.11282616853713989,-0.1733493208885193,-0.13458269834518433,-0.17234313488006592,-0.16685941815376282,-0.11615622043609619,-0.13542035222053528,-0.10589480400085449,-0.11108130216598511,-0.10939675569534302,-0.13343989849090576,-0.08856737613677979,-0.1588713526725769,-0.04125320911407471,-0.12872856855392456,-0.035978615283966064,-0.10444074869155884,-0.03959000110626221,-0.1280236840248108,-0.011060893535614014,-0.14608722925186157,0.02518671751022339,-0.12054499983787537,0.029941976070404053,-0.09902933239936829,0.025732576847076416,THUMBS_UP
0.0,0.0,-0.007898688316345215,-0.14887994527816772,-0.054520487785339355,-0.2608044743537903,-0.10419949889183044,-0.3345887064933777,-0.12327879667282104,-0.4086243510246277,-0.12462678551673889,-0.2427445948123932,-0.16261038184165955,-0.2006341814994812,-0.13679641485214233,-0.17139410972595215,-0.11295554041862488,-0.17110228538513184,-0.13621315360069275,-0.1625593900680542,-0.16580989956855774,-0.1147649884223938,-0.13644516468048096,-0.10406237840652466,-0.11257770657539368,-0.10650336742401123,-0.1364407241344452,-0.07755380868911743,-0.1600886583328247,-0.04083329439163208,-0.13156774640083313,-0.034583449363708496,-0.10632717609405518,-0.037178993225097656,-0.13230425119400024,-0.0009097456932067871,-0.14836221933364868,0.02606862783432007,-0.12282863259315491,0.03371894359588623,-0.10002797842025757,0.03227359056472778,THUMBS_UP
0.0,0.0,-0.01425635814666748,-0.11975240707397461,-0.05629158020019531,-0.23814770579338074,-0.08971023559570312,-0.32249733805656433,-0.09547382593154907,-0.40162381529808044,-0.09662127494812012,-0.24031949043273926,-0.17604190111160278,-0.19312354922294617,-0.1562379002571106,-0.15788662433624268,-0.1286807656288147,-0.162931889295578,-0.10477310419082642,-0.17562982439994812,-0.1783003807067871,-0.11305052042007446,-0.15105009078979492,-0.09057807922363281,-0.12556177377700806,-0.0977480411529541,-0.11036252975463867,-0.09699678421020508,-0.17407137155532837,-0.04357707500457764,-0.1474778652191162,-0.025012969970703125,-0.12361001968383789,-0.03429907560348511,-0.11485499143600464,-0.019558191299438477,-0.16235119104385376,0.019260525703430176,-0.13930588960647583,0.03359425067901611,-0.11770731210708618,0.026713073253631592,THUMBS_UP
0.0,0.0,0.01571410894393921,-0.12564659118652344,-0.004170894622802734,-0.24913290143013,-0.02330082654953003,-0.33833301067352295,-0.012394964694976807,-0.4088360071182251,-0.044707298278808594,-0.2787700891494751,-0.11207962036132812,-0.25675463676452637,-0.09371602535247803,-0.21774083375930786,-0.06819087266921997,-0.2149711549282074,-0.06240135431289673,-0.22727888822555542,-0.12495297193527222,-0.18351730704307556,-0.09677070379257202,-0.15824595093727112,-0.07351535558700562,-0.16207358241081238,-0.07731598615646362,-0.16173848509788513,-0.12924081087112427,-0.1192253828048706,-0.10366493463516235,-0.09775012731552124,-0.08115983009338379,-0.10458004474639893,-0.09039944410324097,-0.0965072512626648,-0.1297910213470459,-0.06537961959838867,-0.10968393087387085,-0.0487743616104126,-0.08975642919540405,-0.05016064643859863,THUMBS_UP
0.0,0.0,0.000815272331237793,-0.13873893022537231,-0.02866685390472412,-0.26197242736816406,-0.05820596218109131,-0.3525680899620056,-0.05931466817855835,-0.4323646277189255,-0.08857160806655884,-0.2795594036579132,-0.14470937848091125,-0.23892158269882202,-0.12316524982452393,-0.20051291584968567,-0.09913808107376099,-0.19502881169319153,-0.10417324304580688,-0.2118757665157318,-0.15340307354927063,-0.1560814380645752,-0.12630879878997803,-0.13189798593521118,-0.10306757688522339,-0.13250303268432617,-0.11350548267364502,-0.13248538970947266,-0.14995163679122925,-0.0831984281539917,-0.1209564208984375,-0.0676349401473999,-0.0959395170211792,-0.072601318359375,-0.12024372816085815,-0.05584287643432617,-0.14409863948822021,-0.024227142333984375,-0.1170276403427124,-0.00993257761001587,-0.09431767463684082,-0.011201441287994385,THUMBS_UP
0.0,0.0,-0.011822670698165894,-0.15786421298980713,-0.05849176645278931,-0.2770618200302124,-0.10482141375541687,-0.35877296328544617,-0.1203966736793518,-0.4381774663925171,-0.14849112927913666,-0.23426470160484314,-0.16768242418766022,-0.22277873754501343,-0.13670334219932556,-0.1964336633682251,-0.1120510995388031,-0.18116158246994019,-0.1638694405555725,-0.1399114727973938,-0.17014041543006897,-0.1394190788269043,-0.14135444164276123,-0.13018792867660522,-0.11743301153182983,-0.11507654190063477,-0.16138136386871338,-0.0469784140586853,-0.16397704184055328,-0.057601332664489746,-0.13812074065208435,-0.05526018142700195,-0.11465778946876526,-0.04154860973358154,-0.1539030522108078,0.03106445074081421,-0.15511104464530945,0.020559966564178467,-0.1300317943096161,0.022758066654205322,-0.10883092880249023,0.03135567903518677,THUMBS_UP
0.0,0.0,0.017621129751205444,-0.14083057641983032,-0.007253080606460571,-0.2765948474407196,-0.036650657653808594,-0.38561463356018066,-0.04186183214187622,-0.4772678017616272,-0.04743772745132446,-0.25281450152397156,-0.10029861330986023,-0.26296311616897583,-0.08880731463432312,-0.23219025135040283,-0.0693284273147583,-0.21604517102241516,-0.063515305519104,-0.171962708234787,-0.10668912529945374,-0.17835155129432678,-0.08472168445587158,-0.1630024015903473,-0.061004072427749634,-0.15195950865745544,-0.07546913623809814,-0.09471660852432251,-0.10867604613304138,-0.09527319669723511,-0.0858457088470459,-0.08319061994552612,-0.06111738085746765,-0.0747833251953125,-0.08034646511077881,-0.024141967296600342,-0.10921260714530945,-0.021029889583587646,-0.09056085348129272,-0.008076488971710205,-0.06995847821235657,0.003472447395324707,THUMBS_UP
0.0,0.0,0.00025337934494018555,-0.1373477578163147,-0.02323085069656372,-0.2709910273551941,-0.04014104604721069,-0.37192681431770325,-0.02731877565383911,-0.4525872766971588,-0.06091409921646118,-0.299939900636673,-0.14675354957580566,-0.2800848186016083,-0.12758618593215942,-0.22925275564193726,-0.09784466028213501,-0.22571325302124023,-0.07680892944335938,-0.2401534914970398,-0.15769267082214355,-0.1930810809135437,-0.13137805461883545,-0.15770533680915833,-0.10604918003082275,-0.1600753366947174,-0.09465080499649048,-0.1657111644744873,-0.16015803813934326,-0.12270668148994446,-0.13691985607147217,-0.09023869037628174,-0.11254644393920898,-0.0950184166431427,-0.11249804496765137,-0.09120762348175049,-0.16050124168395996,-0.06153768301010132,-0.1407448649406433,-0.03449338674545288,-0.1196894645690918,-0.03357219696044922,THUMBS_UP
0.0,0.0,-0.004942119121551514,-0.12718021869659424,-0.027934372425079346,-0.26365548372268677,-0.040236055850982666,-0.36542098224163055,-0.023352742195129395,-0.44063329696655273,-0.05432760715484619,-0.29382917284965515,-0.14152127504348755,-0.2799611985683441,-0.1223568320274353,-0.22982415556907654,-0.09362047910690308,-0.22767937183380127,-0.06812208890914917,-0.23712220788002014,-0.15435802936553955,-0.19946110248565674,-0.12843698263168335,-0.1638738512992859,-0.10371273756027222,-0.16663146018981934,-0.08457106351852417,-0.16734537482261658,-0.15662306547164917,-0.13219809532165527,-0.13337773084640503,-0.09945780038833618,-0.108867347240448,-0.10589945316314697,-0.10002261400222778,-0.09946107864379883,-0.15224343538284302,-0.06657123565673828,-0.13210105895996094,-0.042263686656951904,-0.11045801639556885,-0.046084046363830566,THUMBS_UP
0.0,0.0,-0.004970729351043701,-0.11632317304611206,-0.024053454399108887,-0.2461927831172943,-0.03412514925003052,-0.34356147050857544,-0.01649075746536255,-0.413384273648262,-0.04348677396774292,-0.27892211079597473,-0.13042300939559937,-0.2698424756526947,-0.11521166563034058,-0.22138270735740662,-0.08730781078338623,-0.21615970134735107,-0.05537456274032593,-0.22808754444122314,-0.14398157596588135,-0.20140090584754944,-0.12160879373550415,-0.16318076848983765,-0.09785562753677368,-0.1597554087638855,-0.07062345743179321,-0.16242572665214539,-0.14775633811950684,-0.13567090034484863,-0.12782150506973267,-0.09986406564712524,-0.10422295331954956,-0.09942471981048584,-0.08564525842666626,-0.09623450040817261,-0.1440286636352539,-0.06679511070251465,-0.1265968680381775,-0.04161965847015381,-0.10462683439254761,-0.04311048984527588,THUMBS_UP
0.0,0.0,-0.0051223039627075195,-0.10834956169128418,-0.024505972862243652,-0.2345861792564392,-0.033461034297943115,-0.3289659023284912,-0.014864504337310791,-0.39758099615573883,-0.04668629169464111,-0.2748832106590271,-0.13292288780212402,-0.2569005489349365,-0.11895614862442017,-0.20861047506332397,-0.09270972013473511,-0.20316103100776672,-0.060566723346710205,-0.22602733969688416,-0.14522725343704224,-0.1900302767753601,-0.12342530488967896,-0.1501128077507019,-0.09964984655380249,-0.14831632375717163,-0.07676100730895996,-0.15998035669326782,-0.14915865659713745,-0.12712335586547852,-0.12792819738388062,-0.09070736169815063,-0.10414272546768188,-0.09128040075302124,-0.09197044372558594,-0.09304910898208618,-0.14500069618225098,-0.06453275680541992,-0.1261599063873291,-0.03856968879699707,-0.1047736406326294,-0.04082542657852173,THUMBS_UP
0.0,0.0,0.004283905029296875,-0.13491788506507874,-0.011781156063079834,-0.26333820819854736,-0.02381521463394165,-0.36028149724006653,-0.010516524314880371,-0.43273191154003143,-0.04758530855178833,-0.2897399961948395,-0.1262040138244629,-0.2712874710559845,-0.10817694664001465,-0.2232370376586914,-0.08005654811859131,-0.21924486756324768,-0.06292963027954102,-0.23369401693344116,-0.14101648330688477,-0.1955890953540802,-0.1153762936592102,-0.16319146752357483,-0.09072059392929077,-0.16588017344474792,-0.07887685298919678,-0.1674368977546692,-0.1443847417831421,-0.1338166892528534,-0.12075936794281006,-0.10474848747253418,-0.09572100639343262,-0.10937011241912842,-0.09438943862915039,-0.10261088609695435,-0.14247006177902222,-0.07577449083328247,-0.1220737099647522,-0.05261504650115967,-0.09952765703201294,-0.052752912044525146,THUMBS_UP
0.0,0.0,0.00474703311920166,-0.14599311351776123,-0.019720792770385742,-0.2762816846370697,-0.045737624168395996,-0.37625840306282043,-0.04241585731506348,-0.4604238122701645,-0.08051609992980957,-0.2917543351650238,-0.14520683884620667,-0.264881432056427,-0.12737062573432922,-0.22165441513061523,-0.10174387693405151,-0.21261900663375854,-0.09869283437728882,-0.22367408871650696,-0.16003578901290894,-0.18059822916984558,-0.13819333910942078,-0.15308040380477905,-0.1118842363357544,-0.14758461713790894,-0.11103743314743042,-0.14341717958450317,-0.1608646810054779,-0.10584485530853271,-0.1384396255016327,-0.08413290977478027,-0.11096388101577759,-0.08184635639190674,-0.11974459886550903,-0.06813609600067139,-0.15579447150230408,-0.036167263984680176,-0.13360753655433655,-0.016331732273101807,-0.1090654730796814,-0.012898564338684082,THUMBS_UP
0.0,0.0,0.006137549877166748,-0.12935012578964233,-0.023094356060028076,-0.24783313274383545,-0.05862116813659668,-0.33805564045906067,-0.07811206579208374,-0.413007527589798,-0.036659181118011475,-0.2694180905818939,-0.08903497457504272,-0.3185701370239258,-0.11785894632339478,-0.3030354678630829,-0.12447479367256165,-0.29001542925834656,-0.056221723556518555,-0.2162063717842102,-0.11564192175865173,-0.24130505323410034,-0.14504453539848328,-0.21873870491981506,-0.15065079927444458,-0.19697976112365723,-0.0731719434261322,-0.14978551864624023,-0.12368035316467285,-0.16128557920455933,-0.14626702666282654,-0.13869917392730713,-0.14805924892425537,-0.11874008178710938,-0.08744966983795166,-0.07810002565383911,-0.12534061074256897,-0.06800210475921631,-0.1378002166748047,-0.055524230003356934,-0.13701027631759644,-0.04648005962371826,THUMBS_UP
0.0,0.0,0.00011783838272094727,-0.15496349334716797,-0.03962886333465576,-0.29327407479286194,-0.07852289080619812,-0.3969137966632843,-0.0871196985244751,-0.489201158285141,-0.06325224041938782,-0.26185932755470276,-0.13339442014694214,-0.2698238492012024,-0.1430322229862213,-0.24033358693122864,-0.13479316234588623,-0.22571784257888794,-0.07597064971923828,-0.1806139349937439,-0.14488351345062256,-0.1828252077102661,-0.13923364877700806,-0.16955417394638062,-0.1180715560913086,-0.1600273847579956,-0.0872478187084198,-0.10123461484909058,-0.1464027464389801,-0.10307693481445312,-0.1357966661453247,-0.08881747722625732,-0.11248928308486938,-0.07805418968200684,-0.09566786885261536,-0.029747486114501953,-0.14019042253494263,-0.027729332447052002,-0.13103792071342468,-0.015903711318969727,-0.11188048124313354,-0.006723284721374512,THUMBS_UP
0.0,0.0,-0.006704807281494141,-0.15450823307037354,-0.041083455085754395,-0.29206159710884094,-0.07557153701782227,-0.3986324965953827,-0.08638298511505127,-0.49075455963611603,-0.05123448371887207,-0.26256808638572693,-0.12484228610992432,-0.26739010214805603,-0.14226090908050537,-0.23379716277122498,-0.138853520154953,-0.21733909845352173,-0.062480777502059937,-0.1727677583694458,-0.13463765382766724,-0.1778596043586731,-0.1367698609828949,-0.16036897897720337,-0.11952584981918335,-0.1480579972267151,-0.0737469494342804,-0.09059286117553711,-0.1384739875793457,-0.09288585186004639,-0.13343942165374756,-0.07539159059524536,-0.11171168088912964,-0.0617218017578125,-0.08386224508285522,-0.019581496715545654,-0.13392269611358643,-0.01544654369354248,-0.12750959396362305,-0.0006490349769592285,-0.10747390985488892,0.010510623455047607,THUMBS_UP
0.0,0.0,0.004601955413818359,-0.15520131587982178,-0.03241628408432007,-0.2861005663871765,-0.06830024719238281,-0.3842618465423584,-0.07465094327926636,-0.4704478234052658,-0.08345431089401245,-0.26462244987487793,-0.1367037296295166,-0.24116447567939758,-0.11684295535087585,-0.2186374068260193,-0.09211063385009766,-0.216420978307724,-0.09383144974708557,-0.18140864372253418,-0.1341886818408966,-0.16080647706985474,-0.10553669929504395,-0.15928447246551514,-0.07855814695358276,-0.1616060733795166,-0.09736368060112,-0.09649300575256348,-0.12962859869003296,-0.07705998420715332,-0.10219681262969971,-0.07572561502456665,-0.07685363292694092,-0.07797467708587646,-0.09706366062164307,-0.01831156015396118,-0.12487092614173889,-0.006241559982299805,-0.1033526062965393,-0.002279996871948242,-0.08140769600868225,0.000937342643737793,THUMBS_UP
0.0,0.0,0.006281226873397827,-0.16559749841690063,-0.03282001614570618,-0.29435300827026367,-0.07130932807922363,-0.38778156042099,-0.0801093578338623,-0.4706670045852661,-0.09017229080200195,-0.2667127251625061,-0.143923819065094,-0.24657279253005981,-0.12112540006637573,-0.22663837671279907,-0.09483093023300171,-0.222852885723114,-0.10093602538108826,-0.18331211805343628,-0.13982808589935303,-0.16480660438537598,-0.10821613669395447,-0.1639937162399292,-0.08063340187072754,-0.16397500038146973,-0.1028902530670166,-0.0968623161315918,-0.13493454456329346,-0.08226412534713745,-0.103436678647995,-0.08357071876525879,-0.07605284452438354,-0.08347022533416748,-0.1011473536491394,-0.015702009201049805,-0.1270056962966919,-0.007769227027893066,-0.1030639111995697,-0.0064081549644470215,-0.07995098829269409,-0.0017393827438354492,THUMBS_UP
0.0,0.0,-0.0018579959869384766,-0.15376943349838257,-0.035057663917541504,-0.2971937954425812,-0.06824725866317749,-0.4117288589477539,-0.07703125476837158,-0.5115929692983627,-0.02193129062652588,-0.2579035758972168,-0.10384476184844971,-0.2890911102294922,-0.13973763585090637,-0.258573979139328,-0.14982512593269348,-0.2339504063129425,-0.03596603870391846,-0.16170060634613037,-0.12374407052993774,-0.19012188911437988,-0.1404912769794464,-0.17121964693069458,-0.13277077674865723,-0.15321624279022217,-0.05262899398803711,-0.07604008913040161,-0.12838208675384521,-0.10184651613235474,-0.1384548544883728,-0.08727926015853882,-0.12802505493164062,-0.068287193775177,-0.06755205988883972,-0.0032689571380615234,-0.12777358293533325,-0.01822882890701294,-0.1312476396560669,-0.010016679763793945,-0.11921033263206482,0.0006328821182250977,THUMBS_UP
0.0,0.0,0.0008633136749267578,-0.1571286916732788,-0.03120291233062744,-0.29096129536628723,-0.0661424994468689,-0.39089131355285645,-0.06772381067276001,-0.48208263516426086,-0.08906537294387817,-0.2810789942741394,-0.16658315062522888,-0.2447252869606018,-0.14640584588050842,-0.20801186561584473,-0.11769771575927734,-0.20609796047210693,-0.1031808853149414,-0.19675993919372559,-0.16938471794128418,-0.16176331043243408,-0.1441555619239807,-0.13810300827026367,-0.1170009970664978,-0.13375282287597656,-0.11069566011428833,-0.106087327003479,-0.16203272342681885,-0.07484173774719238,-0.14016956090927124,-0.05776345729827881,-0.11564421653747559,-0.05981135368347168,-0.11509880423545837,-0.022274255752563477,-0.15438997745513916,-0.0026796460151672363,-0.13359296321868896,0.011766433715820312,-0.1122656762599945,0.012926936149597168,THUMBS_UP
0.0,0.0,-0.005670905113220215,-0.14735394716262817,-0.03807765245437622,-0.28302204608917236,-0.06862813234329224,-0.38431864976882935,-0.06610119342803955,-0.4743315279483795,-0.09467774629592896,-0.28141331672668457,-0.17407432198524475,-0.23904502391815186,-0.15186011791229248,-0.19392752647399902,-0.12262076139450073,-0.19079989194869995,-0.10796862840652466,-0.19807088375091553,-0.17890948057174683,-0.14907151460647583,-0.15106427669525146,-0.1184569001197815,-0.12271338701248169,-0.11822253465652466,-0.11590898036956787,-0.10657328367233276,-0.17177605628967285,-0.06708544492721558,-0.14624899625778198,-0.04657059907913208,-0.11946707963943481,-0.05091977119445801,-0.12127405405044556,-0.02248483896255493,-0.1620377004146576,0.0022518038749694824,-0.13690811395645142,0.01724916696548462,-0.11271321773529053,0.01629549264907837,THUMBS_UP
0.0,0.0,-0.004310488700866699,-0.14097177982330322,-0.036936283111572266,-0.28238123655319214,-0.06005293130874634,-0.3874269723892212,-0.05352872610092163,-0.4785444587469101,-0.07904565334320068,-0.2822665274143219,-0.1694803237915039,-0.2522037923336029,-0.14691919088363647,-0.2123318612575531,-0.1148226261138916,-0.21394523978233337,-0.09215450286865234,-0.20445075631141663,-0.17665529251098633,-0.16503852605819702,-0.14773893356323242,-0.13810622692108154,-0.11996465921401978,-0.13948911428451538,-0.10273921489715576,-0.11631065607070923,-0.17398065328598022,-0.08293932676315308,-0.14616185426712036,-0.06392568349838257,-0.11938363313674927,-0.07103508710861206,-0.11178970336914062,-0.0335811972618103,-0.1666107177734375,-0.014379501342773438,-0.14242440462112427,-0.0018247365951538086,-0.11668318510055542,-0.006366431713104248,THUMBS_UP
0.0,0.0,0.002124965190887451,-0.13335257768630981,-0.023308873176574707,-0.27729442715644836,-0.03900587558746338,-0.3860107958316803,-0.024044811725616455,-0.4746354669332504,-0.05663192272186279,-0.28515851497650146,-0.15298789739608765,-0.278816282749176,-0.13672149181365967,-0.23277360200881958,-0.10533690452575684,-0.2275604009628296,-0.07274186611175537,-0.2101207971572876,-0.166004478931427,-0.1922871470451355,-0.1428564190864563,-0.15600180625915527,-0.11444777250289917,-0.15144503116607666,-0.08946210145950317,-0.12794727087020874,-0.16518855094909668,-0.10991829633712769,-0.14111733436584473,-0.08367002010345459,-0.11369067430496216,-0.08599972724914551,-0.10389864444732666,-0.052084922790527344,-0.1594495177268982,-0.04347658157348633,-0.13789695501327515,-0.02341526746749878,-0.11353158950805664,-0.022769570350646973,THUMBS_UP
0.0,0.0,0.0007846951484680176,-0.1345410943031311,-0.02220165729522705,-0.27941668033599854,-0.03589904308319092,-0.3884126543998718,-0.01949220895767212,-0.475740984082222,-0.05184125900268555,-0.2897147536277771,-0.147175133228302,-0.2862387001514435,-0.1292378306388855,-0.23790156841278076,-0.09810769557952881,-0.23226004838943481,-0.06946754455566406,-0.21774962544441223,-0.1633654236793518,-0.20154422521591187,-0.13881510496139526,-0.16537296772003174,-0.11090058088302612,-0.16137856245040894,-0.08810585737228394,-0.13788241147994995,-0.167158842086792,-0.12201684713363647,-0.14280641078948975,-0.09407776594161987,-0.11509764194488525,-0.0963749885559082,-0.10543423891067505,-0.06320786476135254,-0.16379225254058838,-0.05089825391769409,-0.1409023404121399,-0.030033648014068604,-0.11500215530395508,-0.030491530895233154,THUMBS_UP
0.0,0.0,0.003153681755065918,-0.13708895444869995,-0.019718825817108154,-0.2817184031009674,-0.034506380558013916,-0.3907485008239746,-0.01874721050262451,-0.47790417075157166,-0.05089855194091797,-0.2945544421672821,-0.145485520362854,-0.29115137457847595,-0.12948673963546753,-0.24124297499656677,-0.09943372011184692,-0.23456931114196777,-0.06859731674194336,-0.22296860814094543,-0.1599665880203247,-0.2048865556716919,-0.13791531324386597,-0.16742801666259766,-0.11137861013412476,-0.162098228931427,-0.08801913261413574,-0.14325815439224243,-0.16332709789276123,-0.12823903560638428,-0.1411585807800293,-0.09918367862701416,-0.1142873764038086,-0.1004684567451477,-0.10614359378814697,-0.06905710697174072,-0.16185110807418823,-0.06364154815673828,-0.14071202278137207,-0.04176300764083862,-0.11563408374786377,-0.04018843173980713,THUMBS_UP
0.0,0.0,-0.0015033483505249023,-0.13722741603851318,-0.028902113437652588,-0.28360360860824585,-0.04552847146987915,-0.3940023183822632,-0.028330504894256592,-0.47970935702323914,-0.06353175640106201,-0.29845768213272095,-0.15630286931991577,-0.2911481261253357,-0.13759970664978027,-0.23937314748764038,-0.10646426677703857,-0.23135992884635925,-0.08034396171569824,-0.2260349690914154,-0.16683632135391235,-0.20111525058746338,-0.14310824871063232,-0.1631699800491333,-0.11511951684951782,-0.15871286392211914,-0.09897404909133911,-0.14274805784225464,-0.16804373264312744,-0.1203223466873169,-0.14625871181488037,-0.08929133415222168,-0.1200639009475708,-0.09108436107635498,-0.1166309118270874,-0.06527388095855713,-0.16711753606796265,-0.05247461795806885,-0.14589887857437134,-0.028099656105041504,-0.12302356958389282,-0.026039063930511475,THUMBS_UP
0.0,0.0,-0.0033773183822631836,-0.14028316736221313,-0.02947258949279785,-0.287896990776062,-0.0443263053894043,-0.39980071783065796,-0.027174711227416992,-0.4849112033843994,-0.05623424053192139,-0.3067692816257477,-0.15162169933319092,-0.2934696674346924,-0.13306176662445068,-0.23809459805488586,-0.10256153345108032,-0.231715589761734,-0.07305800914764404,-0.2344154715538025,-0.16482627391815186,-0.20400965213775635,-0.14016056060791016,-0.16367119550704956,-0.1128997802734375,-0.16053980588912964,-0.0917770266532898,-0.15203619003295898,-0.16683340072631836,-0.12932395935058594,-0.14359384775161743,-0.09537899494171143,-0.1168593168258667,-0.09434008598327637,-0.11074090003967285,-0.07370024919509888,-0.16475898027420044,-0.0606653094291687,-0.14197635650634766,-0.035550057888031006,-0.11648702621459961,-0.03288471698760986,THUMBS_UP
0.0,0.0,-0.004956841468811035,-0.13849475979804993,-0.031141281127929688,-0.28377342224121094,-0.04635733366012573,-0.3962055891752243,-0.030024468898773193,-0.4832881838083267,-0.06065034866333008,-0.3072279095649719,-0.1578737497329712,-0.29411134123802185,-0.13916224241256714,-0.2378358244895935,-0.10846483707427979,-0.2312142252922058,-0.0760616660118103,-0.2362438142299652,-0.17074072360992432,-0.20324745774269104,-0.14673316478729248,-0.15990647673606873,-0.12008219957351685,-0.15498095750808716,-0.09390473365783691,-0.1536206603050232,-0.17042583227157593,-0.12436151504516602,-0.14791560173034668,-0.0898018479347229,-0.12166959047317505,-0.08991473913192749,-0.11151778697967529,-0.07545185089111328,-0.1671961545944214,-0.05496567487716675,-0.14584410190582275,-0.029438018798828125,-0.12145698070526123,-0.028728842735290527,THUMBS_UP
0.0,0.0,6.139278411865234e-05,-0.14139729738235474,-0.028325378894805908,-0.28938955068588257,-0.047837138175964355,-0.40199506282806396,-0.03304570913314819,-0.4898725003004074,-0.06139177083969116,-0.310212641954422,-0.15708327293395996,-0.2924574613571167,-0.13888734579086304,-0.24022674560546875,-0.10840529203414917,-0.235956609249115,-0.07684534788131714,-0.23993390798568726,-0.17041724920272827,-0.20291584730148315,-0.14641791582107544,-0.16398799419403076,-0.12023067474365234,-0.16173428297042847,-0.09356987476348877,-0.15863266587257385,-0.16963553428649902,-0.12602192163467407,-0.14736127853393555,-0.0955573320388794,-0.12199771404266357,-0.09846639633178711,-0.10937601327896118,-0.08107352256774902,-0.16547644138336182,-0.05796480178833008,-0.14438587427139282,-0.03495556116104126,-0.12039417028427124,-0.03535616397857666,THUMBS_UP
0.0,0.0,-0.0012015700340270996,-0.14086109399795532,-0.02967381477355957,-0.2863169014453888,-0.04839181900024414,-0.3949446678161621,-0.034316182136535645,-0.48275814950466156,-0.06445640325546265,-0.30883118510246277,-0.16006678342819214,-0.2936323881149292,-0.14019560813903809,-0.24197769165039062,-0.1090925931930542,-0.23667654395103455,-0.07962149381637573,-0.23508679866790771,-0.1710216999053955,-0.2018832564353943,-0.1455150842666626,-0.16446056962013245,-0.11842721700668335,-0.16020312905311584,-0.09540450572967529,-0.1513526439666748,-0.1690807342529297,-0.12240642309188843,-0.14554989337921143,-0.09413713216781616,-0.11993050575256348,-0.09500861167907715,-0.11008095741271973,-0.07264435291290283,-0.16308575868606567,-0.05438888072967529,-0.14064496755599976,-0.03250682353973389,-0.11615121364593506,-0.032028794288635254,THUMBS_UP
0.0,0.0,-0.009983360767364502,-0.1279183030128479,-0.03708606958389282,-0.27301087975502014,-0.05054384469985962,-0.38543540239334106,-0.03440690040588379,-0.4738605469465256,-0.057016730308532715,-0.30380627512931824,-0.15734529495239258,-0.2880612015724182,-0.1411656141281128,-0.23065850138664246,-0.1086496114730835,-0.22484442591667175,-0.06880587339401245,-0.2351754903793335,-0.17154186964035034,-0.19991904497146606,-0.14576303958892822,-0.15604549646377563,-0.11614561080932617,-0.1532241702079773,-0.08460086584091187,-0.15411537885665894,-0.17297089099884033,-0.11907830834388733,-0.14827710390090942,-0.08246105909347534,-0.1190066933631897,-0.08679205179214478,-0.09919470548629761,-0.07625448703765869,-0.16750210523605347,-0.046613216400146484,-0.14643555879592896,-0.02271825075149536,-0.11896026134490967,-0.02615898847579956,THUMBS_UP
0.0,0.0,-0.012830018997192383,-0.13062894344329834,-0.038670122623443604,-0.27872171998023987,-0.04712212085723877,-0.3943137526512146,-0.026562750339508057,-0.4828091412782669,-0.051939547061920166,-0.30879029631614685,-0.15728241205215454,-0.29970797896385193,-0.140700101852417,-0.23714512586593628,-0.10670137405395508,-0.22776883840560913,-0.06279045343399048,-0.23715397715568542,-0.1700708270072937,-0.21143493056297302,-0.143485426902771,-0.16446861624717712,-0.11271733045578003,-0.16024410724639893,-0.07861179113388062,-0.15539520978927612,-0.17152374982833862,-0.1275380253791809,-0.14743298292160034,-0.08854520320892334,-0.11773806810379028,-0.09116858243942261,-0.09424006938934326,-0.07681924104690552,-0.16754627227783203,-0.05101364850997925,-0.14705181121826172,-0.0271834135055542,-0.11863827705383301,-0.030106544494628906,THUMBS_UP
0.0,0.0,-0.004849672317504883,-0.14612215757369995,-0.03760641813278198,-0.28996455669403076,-0.059517621994018555,-0.39786338806152344,-0.049868106842041016,-0.4873291701078415,-0.08037734031677246,-0.29834774136543274,-0.16999387741088867,-0.26820218563079834,-0.14654970169067383,-0.22784164547920227,-0.1158333420753479,-0.2289608120918274,-0.09680521488189697,-0.21929344534873962,-0.17781203985214233,-0.17839300632476807,-0.14850395917892456,-0.15017378330230713,-0.1214224100112915,-0.15143683552742004,-0.11132729053497314,-0.131361186504364,-0.1767025589942932,-0.0963088870048523,-0.1483020782470703,-0.07638901472091675,-0.12164127826690674,-0.08257442712783813,-0.12412208318710327,-0.04843205213546753,-0.16980475187301636,-0.03137844800949097,-0.14235424995422363,-0.0167086124420166,-0.11660349369049072,-0.019873440265655518,THUMBS_UP
0.0,0.0,-0.004483401775360107,-0.16331487894058228,-0.05152159929275513,-0.29388970136642456,-0.10017120838165283,-0.38601037859916687,-0.11555621027946472,-0.47523319721221924,-0.13526490330696106,-0.26780396699905396,-0.18161773681640625,-0.23363620042800903,-0.1528191864490509,-0.20080173015594482,-0.12393909692764282,-0.1916065216064453,-0.1513231098651886,-0.17040014266967773,-0.17982423305511475,-0.13875454664230347,-0.1504306197166443,-0.12519055604934692,-0.12317928671836853,-0.1181800365447998,-0.1527038812637329,-0.06953734159469604,-0.17209643125534058,-0.056315600872039795,-0.14461460709571838,-0.05011856555938721,-0.11731886863708496,-0.04598444700241089,-0.14776477217674255,0.015955805778503418,-0.16011101007461548,0.018013596534729004,-0.13379862904548645,0.0230255126953125,-0.11022201180458069,0.026705622673034668,THUMBS_UP
0.0,0.0,-0.007766634225845337,-0.16031473875045776,-0.053003907203674316,-0.2868628203868866,-0.09918037056922913,-0.37768158316612244,-0.11671775579452515,-0.4619760513305664,-0.13625404238700867,-0.2556380033493042,-0.18383991718292236,-0.21535050868988037,-0.15653687715530396,-0.18391120433807373,-0.12785020470619202,-0.17698979377746582,-0.15228471159934998,-0.15879476070404053,-0.1818210482597351,-0.12405091524124146,-0.15339863300323486,-0.10993778705596924,-0.1258535087108612,-0.10453814268112183,-0.1529608964920044,-0.05928361415863037,-0.17332731187343597,-0.043486714363098145,-0.1470547616481781,-0.03585690259933472,-0.11970683932304382,-0.030784547328948975,-0.1475996971130371,0.024895787239074707,-0.15964314341545105,0.030097484588623047,-0.1339184045791626,0.03786039352416992,-0.11044225096702576,0.042002201080322266,THUMBS_UP
0.0,0.0,-0.010619491338729858,-0.15727370977401733,-0.054516226053237915,-0.285094290971756,-0.09706485271453857,-0.37968742847442627,-0.11261838674545288,-0.467144250869751,-0.13563650846481323,-0.25155502557754517,-0.18412384390830994,-0.2174662947654724,-0.15675035119056702,-0.18654704093933105,-0.12897545099258423,-0.17980986833572388,-0.15269574522972107,-0.15687620639801025,-0.1842016577720642,-0.12169110774993896,-0.15529343485832214,-0.10824751853942871,-0.12716194987297058,-0.1039571762084961,-0.15560263395309448,-0.05851715803146362,-0.17743009328842163,-0.03804808855056763,-0.14966917037963867,-0.0325392484664917,-0.1213446855545044,-0.029943525791168213,-0.15304034948349,0.02601027488708496,-0.16568130254745483,0.03574424982070923,-0.13741251826286316,0.041947245597839355,-0.11148765683174133,0.043374717235565186,THUMBS_UP
0.0,0.0,-0.006599366664886475,-0.14724326133728027,-0.04317748546600342,-0.29245927929878235,-0.07137227058410645,-0.3996132016181946,-0.0695655345916748,-0.49383534491062164,-0.08745944499969482,-0.28271275758743286,-0.18117380142211914,-0.25309914350509644,-0.15673208236694336,-0.20659086108207703,-0.12427353858947754,-0.20542043447494507,-0.10127085447311401,-0.19402343034744263,-0.1866697371006012,-0.15997779369354248,-0.15612077713012695,-0.1278356909751892,-0.12543636560440063,-0.12842243909835815,-0.11093765497207642,-0.09738188982009888,-0.18251508474349976,-0.07270169258117676,-0.15294331312179565,-0.04950511455535889,-0.12335073947906494,-0.052884578704833984,-0.11884278059005737,-0.008110225200653076,-0.17295581102371216,0.0019992589950561523,-0.14693289995193481,0.01650869846343994,-0.12055075168609619,0.015963375568389893,THUMBS_UP
0.0,0.0,0.04305291175842285,-0.0886031985282898,0.10344952344894409,-0.21080073714256287,0.14772674441337585,-0.3028927445411682,0.17626464366912842,-0.40029124915599823,0.07389792799949646,-0.3270428776741028,0.18210315704345703,-0.24600225687026978,0.16005265712738037,-0.18051433563232422,0.129673570394516,-0.18957406282424927,0.053869038820266724,-0.2659279704093933,0.16909223794937134,-0.1524295210838318,0.14027893543243408,-0.10277873277664185,0.109965980052948,-0.1297597885131836,0.03865489363670349,-0.18123140931129456,0.14724868535995483,-0.06817519664764404,0.11694285273551941,-0.02977752685546875,0.08775690197944641,-0.05733847618103027,0.026730626821517944,-0.09290516376495361,0.11619716882705688,-0.0063626766204833984,0.09539836645126343,0.015615701675415039,0.06611117720603943,-0.011274218559265137,THUMBS_UP
0.0,0.0,0.05536332726478577,-0.08243077993392944,0.11760583519935608,-0.19442296028137207,0.16509592533111572,-0.2795693278312683,0.19858381152153015,-0.3727843165397644,0.08525082468986511,-0.33059054613113403,0.18495580554008484,-0.22766846418380737,0.1588713824748993,-0.1631782054901123,0.12947309017181396,-0.1784154772758484,0.058327168226242065,-0.2743827700614929,0.16756346821784973,-0.12836706638336182,0.13433891534805298,-0.07739561796188354,0.1048266589641571,-0.10802310705184937,0.03554224967956543,-0.19309890270233154,0.14011064171791077,-0.0502772331237793,0.1081201434135437,-0.011789977550506592,0.07932707667350769,-0.04174715280532837,0.015580981969833374,-0.10777980089187622,0.10408914089202881,0.004816710948944092,0.0823839008808136,0.026080191135406494,0.05273568630218506,-0.007185995578765869,THUMBS_UP
0.0,0.0,0.06281894445419312,-0.11304926872253418,0.11894172430038452,-0.24617445468902588,0.15634337067604065,-0.34543782472610474,0.18222254514694214,-0.45448049902915955,0.054176896810531616,-0.3632206916809082,0.17032986879348755,-0.2814682722091675,0.15044596791267395,-0.2090122103691101,0.11611831188201904,-0.21838867664337158,0.023705393075942993,-0.2821699380874634,0.15289530158042908,-0.16757500171661377,0.12438994646072388,-0.11915141344070435,0.09149724245071411,-0.1453176736831665,0.004405468702316284,-0.17546850442886353,0.12907332181930542,-0.07325929403305054,0.10048529505729675,-0.034311652183532715,0.07011419534683228,-0.05576258897781372,-0.008047610521316528,-0.06755870580673218,0.09732580184936523,0.010468840599060059,0.07669326663017273,0.024611353874206543,0.041485100984573364,0.001921534538269043,THUMBS_UP
0.0,0.0,-0.005916565656661987,-0.15655142068862915,0.03646191954612732,-0.34394603967666626,0.07709690928459167,-0.478187620639801,0.08463495969772339,-0.5894528329372406,0.032914161682128906,-0.36373114585876465,0.15622666478157043,-0.41606956720352173,0.142343670129776,-0.3530629277229309,0.1076139509677887,-0.32083672285079956,0.05739313364028931,-0.2678394913673401,0.18769970536231995,-0.316784143447876,0.16440466046333313,-0.2596037983894348,0.12308058142662048,-0.23860669136047363,0.08484971523284912,-0.16814661026000977,0.20699036121368408,-0.2190488576889038,0.17775225639343262,-0.17029893398284912,0.13630694150924683,-0.1490269899368286,0.11076265573501587,-0.07478880882263184,0.20782065391540527,-0.1200743317604065,0.18383699655532837,-0.09348434209823608,0.14642199873924255,-0.08176940679550171,THUMBS_UP
0.0,0.0,0.014127463102340698,-0.16933608055114746,0.05456891655921936,-0.37543627619743347,0.08424833416938782,-0.5271012783050537,0.08356553316116333,-0.6585315763950348,0.005819499492645264,-0.4323108494281769,0.15021967887878418,-0.47045743465423584,0.14283478260040283,-0.39350011944770813,0.10579514503479004,-0.3604174554347992,0.015372276306152344,-0.3282250761985779,0.17941346764564514,-0.34519219398498535,0.15620234608650208,-0.2816143035888672,0.1077081561088562,-0.2741578221321106,0.03584887087345123,-0.21593743562698364,0.18964344263076782,-0.23551398515701294,0.16175171732902527,-0.18403804302215576,0.116779625415802,-0.18190503120422363,0.06150516867637634,-0.10857558250427246,0.18513444066047668,-0.1393110752105713,0.16050177812576294,-0.10179460048675537,0.11462149024009705,-0.09692472219467163,THUMBS_UP
0.0,0.0,0.013166531920433044,-0.1429545283317566,0.06961150467395782,-0.29767221212387085,0.10452564060688019,-0.4133301079273224,0.11412911117076874,-0.5100162625312805,0.08527626097202301,-0.3121301531791687,0.19326992332935333,-0.29842185974121094,0.17335312068462372,-0.24626624584197998,0.14029966294765472,-0.234902024269104,0.0939633697271347,-0.22889578342437744,0.20714165270328522,-0.20127999782562256,0.17977885901927948,-0.15567654371261597,0.14316804707050323,-0.15914320945739746,0.10222171247005463,-0.13392114639282227,0.2127600759267807,-0.10940003395080566,0.1829840987920761,-0.07360875606536865,0.14504645764827728,-0.07685184478759766,0.10875330865383148,-0.040503740310668945,0.19326786696910858,-0.023851096630096436,0.168460413813591,-0.004110932350158691,0.135674849152565,-0.012224674224853516,THUMBS_UP
0.0,0.0,0.01637256145477295,-0.14641714096069336,0.07305705547332764,-0.3003278374671936,0.10765033960342407,-0.4170433282852173,0.11556172370910645,-0.5147209465503693,0.08768755197525024,-0.3062734007835388,0.19548553228378296,-0.29888302087783813,0.17430457472801208,-0.24801403284072876,0.14078167080879211,-0.23793399333953857,0.0961039662361145,-0.22215956449508667,0.20884013175964355,-0.2018371820449829,0.18169960379600525,-0.15768510103225708,0.1441921591758728,-0.16095304489135742,0.10454109311103821,-0.1261686086654663,0.21386343240737915,-0.10747885704040527,0.1851274073123932,-0.07407885789871216,0.14592960476875305,-0.07705187797546387,0.11192810535430908,-0.031061232089996338,0.1985282301902771,-0.019369840621948242,0.17669054865837097,-0.0023481249809265137,0.14307615160942078,-0.00907355546951294,THUMBS_UP
0.0,0.0,0.01028008759021759,-0.15141284465789795,0.0753495991230011,-0.32371193170547485,0.12337468564510345,-0.4512321949005127,0.1330399364233017,-0.5731223225593567,0.07022151350975037,-0.3869630694389343,0.20004118978977203,-0.35900336503982544,0.18007846176624298,-0.29779353737831116,0.14093737304210663,-0.28637200593948364,0.07412002980709076,-0.2933412194252014,0.21321631968021393,-0.24890851974487305,0.18470267951488495,-0.19330120086669922,0.14267916977405548,-0.1971365213394165,0.08198469877243042,-0.1863769292831421,0.21592234075069427,-0.1478365659713745,0.1838385909795761,-0.10146868228912354,0.1423710137605667,-0.10894608497619629,0.09166370332241058,-0.07923471927642822,0.19302184879779816,-0.04207336902618408,0.16751085221767426,-0.015534639358520508,0.13114209473133087,-0.0326235294342041,THUMBS_UP
0.0,0.0,-0.004443436861038208,-0.11772507429122925,0.013731807470321655,-0.22860193252563477,0.03395956754684448,-0.3198777437210083,0.03782588243484497,-0.3911557197570801,0.05823877453804016,-0.25395727157592773,0.12630566954612732,-0.23889470100402832,0.11211979389190674,-0.19562995433807373,0.08833792805671692,-0.18597906827926636,0.08090448379516602,-0.19856828451156616,0.13779962062835693,-0.17539459466934204,0.11945465207099915,-0.13428282737731934,0.0949227511882782,-0.12803864479064941,0.09782981872558594,-0.13281816244125366,0.14408940076828003,-0.11313897371292114,0.12394240498542786,-0.07705634832382202,0.09887757897377014,-0.07095420360565186,0.10954880714416504,-0.06481647491455078,0.14173418283462524,-0.04858750104904175,0.12180820107460022,-0.02390909194946289,0.09977000951766968,-0.019346117973327637,THUMBS_UP
0.0,0.0,-0.0051177144050598145,-0.11114352941513062,0.017173826694488525,-0.23079532384872437,0.03589567542076111,-0.32284122705459595,0.03850489854812622,-0.3936033248901367,0.0485558807849884,-0.25273507833480835,0.12099599838256836,-0.24990111589431763,0.11128312349319458,-0.20530790090560913,0.0894227921962738,-0.19256746768951416,0.06778112053871155,-0.19801956415176392,0.13508641719818115,-0.18615543842315674,0.11964580416679382,-0.14340758323669434,0.0955708920955658,-0.13869565725326538,0.08393588662147522,-0.13357138633728027,0.1462099552154541,-0.12179279327392578,0.12823450565338135,-0.08376938104629517,0.10354465246200562,-0.07847094535827637,0.09649428725242615,-0.06681299209594727,0.1423071324825287,-0.05695599317550659,0.12556737661361694,-0.028532207012176514,0.10462653636932373,-0.022593796253204346,THUMBS_UP
0.0,0.0,-0.008298754692077637,-0.13925808668136597,0.013939082622528076,-0.2689865827560425,0.043237388134002686,-0.37063345313072205,0.049120813608169556,-0.45269131660461426,0.08548858761787415,-0.2996634840965271,0.14923283457756042,-0.25962209701538086,0.13108429312705994,-0.21001285314559937,0.10516077280044556,-0.1977062225341797,0.11534109711647034,-0.23216885328292847,0.15988215804100037,-0.182575523853302,0.1349811553955078,-0.14144384860992432,0.10642629861831665,-0.13345980644226074,0.131651371717453,-0.15209627151489258,0.16325139999389648,-0.1154792308807373,0.13852563500404358,-0.07885509729385376,0.11003550887107849,-0.07075130939483643,0.14069360494613647,-0.07058972120285034,0.15601852536201477,-0.0438651442527771,0.13185515999794006,-0.021738767623901367,0.10762503743171692,-0.020906388759613037,THUMBS_UP
0.0,0.0,0.008485108613967896,-0.1306450366973877,0.0525381863117218,-0.26538121700286865,0.07727327942848206,-0.3701939284801483,0.07464107871055603,-0.4616925120353699,0.08971980214118958,-0.27661359310150146,0.17959263920783997,-0.22373715043067932,0.15926671028137207,-0.184638112783432,0.12961584329605103,-0.18825089931488037,0.10041216015815735,-0.2006501853466034,0.18912824988365173,-0.1442798674106598,0.16291621327400208,-0.10992425680160522,0.13134047389030457,-0.12148779630661011,0.10768076777458191,-0.11437267065048218,0.18981391191482544,-0.0699426531791687,0.16153499484062195,-0.04026365280151367,0.12973237037658691,-0.05012059211730957,0.11116546392440796,-0.026900947093963623,0.17171743512153625,0.0017742514610290527,0.14615494012832642,0.01997166872024536,0.11795580387115479,0.010113656520843506,THUMBS_UP
0.0,0.0,0.01015537977218628,-0.13564163446426392,0.05382239818572998,-0.27113789319992065,0.07824942469596863,-0.3756115287542343,0.0761936604976654,-0.4646788239479065,0.0894474983215332,-0.28624075651168823,0.1792963147163391,-0.23761171102523804,0.15964582562446594,-0.19446423649787903,0.1301501989364624,-0.19496294856071472,0.09964579343795776,-0.21417897939682007,0.1905466914176941,-0.1572774052619934,0.16482093930244446,-0.11838102340698242,0.13365331292152405,-0.12944185733795166,0.10688883066177368,-0.1309833526611328,0.19192546606063843,-0.08157646656036377,0.16464155912399292,-0.04775017499923706,0.13321757316589355,-0.05817514657974243,0.10996925830841064,-0.04629415273666382,0.17217716574668884,-0.010841310024261475,0.14815574884414673,0.008617937564849854,0.12095049023628235,-0.0035601258277893066,THUMBS_UP
0.0,0.0,0.06430365145206451,0.044029295444488525,0.1391085833311081,0.04017353057861328,0.19587354362010956,0.05847668647766113,0.24797578155994415,0.09240347146987915,0.16835828125476837,-0.15707236528396606,0.21019615232944489,-0.25703153014183044,0.23523007333278656,-0.26184704899787903,0.2559993118047714,-0.23997709155082703,0.1434677094221115,-0.19851109385490417,0.19076012074947357,-0.3256862759590149,0.2225884348154068,-0.3291352391242981,0.24600891768932343,-0.29130059480667114,0.11038635671138763,-0.22057485580444336,0.15753905475139618,-0.3394927978515625,0.19235001504421234,-0.3497350364923477,0.21937565505504608,-0.3195893168449402,0.0716065913438797,-0.2278897762298584,0.11032803356647491,-0.31917208433151245,0.14769183099269867,-0.33884572982788086,0.18243910372257233,-0.33030885457992554,HEART
0.0,0.0,0.06586994230747223,0.04313915967941284,0.1438901126384735,0.042166054248809814,0.20213627815246582,0.06628924608230591,0.2513331174850464,0.10729491710662842,0.17780524492263794,-0.1724778711795807,0.22453159093856812,-0.2885202467441559,0.25765636563301086,-0.28033319115638733,0.2734173834323883,-0.24270156025886536,0.14776557683944702,-0.21226650476455688,0.1994248628616333,-0.37189170718193054,0.2348012924194336,-0.3506840467453003,0.24429097771644592,-0.28128939867019653,0.1103038489818573,-0.22876784205436707,0.1554356813430786,-0.3760353624820709,0.19405615329742432,-0.36012035608291626,0.20942753553390503,-0.2998995780944824,0.06688667833805084,-0.23307624459266663,0.10956498980522156,-0.33597642183303833,0.1448330581188202,-0.3218979835510254,0.16454842686653137,-0.27081817388534546,HEART
0.0,0.0,0.058540523052215576,0.012974023818969727,0.1309514343738556,-0.020462751388549805,0.1839282214641571,-0.013857603073120117,0.2327236831188202,-0.005048692226409912,0.12249496579170227,-0.2074243724346161,0.16572466492652893,-0.32389694452285767,0.20283812284469604,-0.30794084072113037,0.21871772408485413,-0.26697835326194763,0.103727787733078,-0.22140321135520935,0.1499665081501007,-0.36804860830307007,0.1943415105342865,-0.3301249146461487,0.20374858379364014,-0.2595022916793823,0.08324602246284485,-0.22022110223770142,0.1280064880847931,-0.3573545217514038,0.17274484038352966,-0.31529751420021057,0.18820366263389587,-0.24807339906692505,0.05979198217391968,-0.2025364637374878,0.10671782493591309,-0.29672953486442566,0.1508912742137909,-0.27169477939605713,0.17441117763519287,-0.22090405225753784,HEART
0.0,0.0,0.04889500141143799,0.020111382007598877,0.11215776205062866,0.0009582638740539551,0.15780439972877502,0.02659505605697632,0.19325199723243713,0.04867076873779297,0.10740697383880615,-0.18263885378837585,0.14781731367111206,-0.26135188341140747,0.17806971073150635,-0.24278542399406433,0.18680378794670105,-0.2062666416168213,0.09176716208457947,-0.20215511322021484,0.14439210295677185,-0.2962622046470642,0.16322705149650574,-0.24601596593856812,0.15609857439994812,-0.18838918209075928,0.0729627013206482,-0.20494437217712402,0.12566977739334106,-0.29103171825408936,0.14172178506851196,-0.22944006323814392,0.13124167919158936,-0.1685371994972229,0.049450695514678955,-0.19385167956352234,0.09703397750854492,-0.26127058267593384,0.12673762440681458,-0.21937969326972961,0.13272246718406677,-0.16553688049316406,HEART
0.0,0.0,0.057982951402664185,0.033307671546936035,0.12760010361671448,0.03235805034637451,0.1775379180908203,0.06520700454711914,0.21683433651924133,0.11163145303726196,0.14618760347366333,-0.17189860343933105,0.1800406277179718,-0.2798581123352051,0.2130754292011261,-0.2780478596687317,0.23519960045814514,-0.2488563358783722,0.12326398491859436,-0.20464470982551575,0.1625974476337433,-0.3536621630191803,0.195763498544693,-0.33506208658218384,0.21193388104438782,-0.2796717882156372,0.09514200687408447,-0.21659862995147705,0.1307649314403534,-0.354429230093956,0.1647643744945526,-0.3292624354362488,0.1840006411075592,-0.27357906103134155,0.06175270676612854,-0.21284383535385132,0.09033527970314026,-0.31492167711257935,0.12472662329673767,-0.3132116198539734,0.15252509713172913,-0.2828860282897949,HEART
0.0,0.0,-0.07344377040863037,0.04037809371948242,-0.1594914197921753,0.009398937225341797,-0.2291375994682312,0.0018200874328613281,-0.2893606424331665,0.013686418533325195,-0.16742902994155884,-0.26287779211997986,-0.19570887088775635,-0.3962095081806183,-0.22934836149215698,-0.4111807346343994,-0.2552863359451294,-0.3814842104911804,-0.13247579336166382,-0.307878702878952,-0.16472160816192627,-0.4698273241519928,-0.2064383625984192,-0.47666221857070923,-0.23508870601654053,-0.4260357618331909,-0.091824471950531,-0.32885435223579407,-0.11998814344406128,-0.48964767158031464,-0.16251981258392334,-0.5043594539165497,-0.19603443145751953,-0.4662325084209442,-0.0459362268447876,-0.32329463958740234,-0.07718473672866821,-0.4355691373348236,-0.11892127990722656,-0.466283842921257,-0.15813368558883667,-0.4571133852005005,HEART
0.0,0.0,-0.07963746786117554,0.043559134006500244,-0.16933667659759521,0.010407745838165283,-0.23981785774230957,0.02388972043991089,-0.29058098793029785,0.051211416721343994,-0.16883325576782227,-0.26015505194664,-0.19758254289627075,-0.422569215297699,-0.2304462194442749,-0.382588267326355,-0.23550289869308472,-0.309987336397171,-0.13836771249771118,-0.2916153371334076,-0.16993719339370728,-0.4874657392501831,-0.21110522747039795,-0.42860931158065796,-0.21202760934829712,-0.34046173095703125,-0.10053718090057373,-0.3039119839668274,-0.12451088428497314,-0.48579806089401245,-0.16780227422714233,-0.43901485204696655,-0.17628765106201172,-0.36677098274230957,-0.05777907371520996,-0.29200658202171326,-0.08131426572799683,-0.42677581310272217,-0.1276201605796814,-0.4125434458255768,-0.15097028017044067,-0.36108309030532837,HEART
0.0,0.0,-0.08170157670974731,0.03726160526275635,-0.1656273603439331,0.005930483341217041,-0.231611430644989,0.014393091201782227,-0.2849773168563843,0.035723209381103516,-0.1793859601020813,-0.23433083295822144,-0.20681047439575195,-0.3727071285247803,-0.24444293975830078,-0.38113170862197876,-0.27014338970184326,-0.3475658595561981,-0.14837610721588135,-0.2680172324180603,-0.17747467756271362,-0.447054386138916,-0.2257285714149475,-0.4453556537628174,-0.2546442151069641,-0.39053037762641907,-0.11126053333282471,-0.28001248836517334,-0.13737952709197998,-0.44231143593788147,-0.18759268522262573,-0.44588375091552734,-0.22202730178833008,-0.40532347559928894,-0.0717092752456665,-0.26397377252578735,-0.10858577489852905,-0.3697478771209717,-0.15766870975494385,-0.39261552691459656,-0.19792431592941284,-0.3814617395401001,HEART
0.0,0.0,0.0845637321472168,0.07283756136894226,0.14715281128883362,0.14135095477104187,0.15324005484580994,0.20931079983711243,0.1035585105419159,0.22990921139717102,0.14011090993881226,-0.05625829100608826,0.13494056463241577,0.14722749590873718,0.10314977169036865,0.18797358870506287,0.08160385489463806,0.15006914734840393,0.07539042830467224,-0.0950281023979187,0.05967235565185547,0.157039612531662,0.04718169569969177,0.16829589009284973,0.04731246829032898,0.11263659596443176,0.011088401079177856,-0.08486029505729675,-0.00047215819358825684,0.16007784008979797,-0.0011796355247497559,0.1622895896434784,0.00482630729675293,0.10961952805519104,-0.043845415115356445,-0.05543862283229828,-0.04642476141452789,0.142470121383667,-0.04097989201545715,0.14463141560554504,-0.040301769971847534,0.09940659999847412,FIST
0.0,0.0,0.0883258581161499,0.08111971616744995,0.14919275045394897,0.16456878185272217,0.14957255125045776,0.24822348356246948,0.0916796326637268,0.2641857862472534,0.12162190675735474,-0.03645122051239014,0.12051871418952942,0.17129582166671753,0.08730810880661011,0.18538981676101685,0.0689958930015564,0.13832426071166992,0.05505862832069397,-0.06525430083274841,0.04616844654083252,0.201740562915802,0.02744448184967041,0.1831721067428589,0.03240841627120972,0.11394929885864258,-0.004070103168487549,-0.050937652587890625,-0.01458287239074707,0.20549309253692627,-0.02025449275970459,0.18241551518440247,-0.012001276016235352,0.11793464422225952,-0.054737389087677,-0.026109427213668823,-0.06222394108772278,0.1778475046157837,-0.05981829762458801,0.16444623470306396,-0.05479976534843445,0.10654708743095398,FIST
0.0,0.0,0.09113435447216034,0.05333554744720459,0.15515853464603424,0.08745807409286499,0.13972046971321106,0.16377300024032593,0.07089094817638397,0.23641997575759888,0.13660742342472076,-0.12564584612846375,0.11401738226413727,0.09375810623168945,0.08770659565925598,0.17027348279953003,0.06030140817165375,0.1720728874206543,0.05749228596687317,-0.1755119115114212,0.026861324906349182,0.12374991178512573,0.028220616281032562,0.16478395462036133,0.025837168097496033,0.1272832751274109,-0.01487886905670166,-0.16477598249912262,-0.028044193983078003,0.12820059061050415,-0.025295495986938477,0.14987194538116455,-0.02478349208831787,0.0982770323753357,-0.07643343508243561,-0.12394186854362488,-0.06013764441013336,0.11095017194747925,-0.05375206470489502,0.14819949865341187,-0.06069795787334442,0.12809854745864868,FIST
0.0,0.0,0.07854634523391724,0.03689056634902954,0.15584945678710938,0.058330655097961426,0.1972898244857788,0.061583638191223145,0.20917153358459473,0.04447519779205322,0.1582019329071045,-0.10708275437355042,0.14490747451782227,0.12208157777786255,0.11174315214157104,0.1085047721862793,0.10947525501251221,0.0417194664478302,0.10121500492095947,-0.13072824478149414,0.08977815508842468,0.13069474697113037,0.06458449363708496,0.08897894620895386,0.06625998020172119,0.02450108528137207,0.0454447865486145,-0.11910498142242432,0.03740859031677246,0.12461209297180176,0.02120378613471985,0.0836363434791565,0.02741396427154541,0.02486523985862732,-0.004235565662384033,-0.09125292301177979,-0.0035672783851623535,0.09136629104614258,-0.010356783866882324,0.06344348192214966,-0.008342236280441284,0.008832156658172607,FIST
0.0,0.0,0.09959352016448975,0.08176678419113159,0.1775808334350586,0.15076354146003723,0.193151593208313,0.2189340889453888,0.1453019380569458,0.24368199706077576,0.20150232315063477,-0.03958079218864441,0.194108784198761,0.1676000952720642,0.14832031726837158,0.18859782814979553,0.1271827220916748,0.15434831380844116,0.15025830268859863,-0.07256883382797241,0.12937837839126587,0.18118873238563538,0.09649604558944702,0.16111764311790466,0.09384500980377197,0.09967008233070374,0.09720289707183838,-0.07209324836730957,0.07455360889434814,0.173441082239151,0.055622220039367676,0.14156275987625122,0.06261038780212402,0.0813886821269989,0.04761505126953125,-0.05604997277259827,0.03054434061050415,0.13872087001800537,0.01980745792388916,0.11855414509773254,0.02316892147064209,0.06166514754295349,FIST
0.0,0.0,0.06176400184631348,0.0627976655960083,0.1161503791809082,0.126292884349823,0.13224095106124878,0.18224579095840454,0.0940597653388977,0.20409637689590454,0.16112053394317627,-0.09071934223175049,0.14245516061782837,0.12054306268692017,0.10313528776168823,0.1507590413093567,0.08274650573730469,0.11867207288742065,0.10713499784469604,-0.1313987821340561,0.08352750539779663,0.12917369604110718,0.05796384811401367,0.12430000305175781,0.050643205642700195,0.06754213571548462,0.04317045211791992,-0.12724345922470093,0.02642357349395752,0.11625975370407104,0.007773399353027344,0.09864693880081177,0.005098938941955566,0.03456956148147583,-0.020592808723449707,-0.10467261075973511,-0.03330338001251221,0.07804080843925476,-0.03861689567565918,0.06875115633010864,-0.03858304023742676,0.015041351318359375,FIST
0.0,0.0,0.06504988670349121,0.05417126417160034,0.11358770728111267,0.12562906742095947,0.1217968761920929,0.20007473230361938,0.08613339066505432,0.22226035594940186,0.12282630801200867,-0.0030500292778015137,0.11506292223930359,0.17002218961715698,0.08631360530853271,0.19302421808242798,0.07324296236038208,0.16551566123962402,0.07640135288238525,-0.019951164722442627,0.06228983402252197,0.1904538869857788,0.04287290573120117,0.18179291486740112,0.0430949330329895,0.13254719972610474,0.031076699495315552,-0.011712521314620972,0.015341132879257202,0.1847122311592102,0.00662076473236084,0.1658889651298523,0.012572675943374634,0.11752051115036011,-0.00828242301940918,0.004970729351043701,-0.020980000495910645,0.15655475854873657,-0.024276316165924072,0.14535480737686157,-0.022137224674224854,0.10396969318389893,FIST
0.0,0.0,0.05293205380439758,0.033818989992141724,0.09575074911117554,0.08837077021598816,0.11201602220535278,0.15600600838661194,0.09829828143119812,0.18512311577796936,0.1132318377494812,-0.02959197759628296,0.10857126116752625,0.13021793961524963,0.08373770117759705,0.16210797429084778,0.068732351064682,0.1443450152873993,0.06937777996063232,-0.05286812782287598,0.05936229228973389,0.143131822347641,0.03998255729675293,0.13973161578178406,0.03838476538658142,0.09732815623283386,0.02281126379966736,-0.04419982433319092,0.014655202627182007,0.13979509472846985,0.0049929022789001465,0.12611356377601624,0.006880044937133789,0.08229759335517883,-0.019417405128479004,-0.024141550064086914,-0.02188098430633545,0.1196911633014679,-0.024854600429534912,0.11375066637992859,-0.025932103395462036,0.07852199673652649,FIST
0.0,0.0,0.06415247917175293,0.06400039792060852,0.10784351825714111,0.13012513518333435,0.10680800676345825,0.1994442641735077,0.06996983289718628,0.2329997718334198,0.13715916872024536,-0.04696488380432129,0.11367511749267578,0.15720078349113464,0.08873260021209717,0.17841091752052307,0.0868157148361206,0.1353720724582672,0.09110528230667114,-0.08071202039718628,0.06701159477233887,0.1575743854045868,0.04981920123100281,0.1515655219554901,0.05531531572341919,0.08850136399269104,0.040321290493011475,-0.08163139224052429,0.019703030586242676,0.14043530821800232,0.009319156408309937,0.1239301860332489,0.01866888999938965,0.05847170948982239,-0.0073722004890441895,-0.0688779354095459,-0.028012633323669434,0.10430476069450378,-0.029140084981918335,0.09700718522071838,-0.02150285243988037,0.0436500608921051,FIST
0.0,0.0,0.08901825547218323,0.0757000744342804,0.14834043383598328,0.15591084957122803,0.1385854184627533,0.23121023178100586,0.06618580222129822,0.2425931692123413,0.11122122406959534,-0.03108060359954834,0.09155115485191345,0.18700379133224487,0.06347283720970154,0.1825031042098999,0.057405441999435425,0.12450635433197021,0.046939462423324585,-0.06015917658805847,0.024589627981185913,0.20543724298477173,0.01185038685798645,0.17412561178207397,0.017928272485733032,0.10534805059432983,-0.009350329637527466,-0.05471152067184448,-0.03185829520225525,0.19569402933120728,-0.03391715884208679,0.15466123819351196,-0.019376903772354126,0.08999955654144287,-0.0544666051864624,-0.034014105796813965,-0.06964254379272461,0.16196507215499878,-0.07025045156478882,0.13150006532669067,-0.064788818359375,0.06829339265823364,FIST
0.0,0.0,0.09509709477424622,0.06248702108860016,0.1510293185710907,0.1252972036600113,0.1505136787891388,0.19578571617603302,0.09607505798339844,0.22869367897510529,0.12777045369148254,-0.056695207953453064,0.12650761008262634,0.13960273563861847,0.09545484185218811,0.15963490307331085,0.07787781953811646,0.1246085911989212,0.0689888596534729,-0.08384811878204346,0.05490604043006897,0.16254828870296478,0.04005327820777893,0.14605019986629486,0.04250100255012512,0.08653433620929718,0.014662712812423706,-0.07633785903453827,-0.00048485398292541504,0.16385437548160553,-0.0030442774295806885,0.1396677941083908,0.00742107629776001,0.08302964270114899,-0.03221842646598816,-0.05475856363773346,-0.041979461908340454,0.13702119886875153,-0.04072126746177673,0.11910618841648102,-0.03578415513038635,0.06382288038730621,FIST
0.0,0.0,0.06373840570449829,0.03345346450805664,0.11322781443595886,0.07043474912643433,0.12881705164909363,0.12599575519561768,0.11096930503845215,0.158574640750885,0.12069782614707947,-0.06500285863876343,0.11856764554977417,0.09527093172073364,0.09302067756652832,0.10992532968521118,0.0818670392036438,0.0713280737400055,0.07427722215652466,-0.0839700698852539,0.06687876582145691,0.11742639541625977,0.04916304349899292,0.10583841800689697,0.05078524351119995,0.0548093318939209,0.028050214052200317,-0.07178312540054321,0.023774445056915283,0.12125134468078613,0.015077948570251465,0.10603576898574829,0.019659191370010376,0.05813664197921753,-0.013685226440429688,-0.04782029986381531,-0.01246577501296997,0.10586667060852051,-0.014353811740875244,0.09775254130363464,-0.012370526790618896,0.05784618854522705,FIST
0.0,0.0,0.08488519489765167,0.058338820934295654,0.14476419985294342,0.11630523204803467,0.1436697095632553,0.18463575839996338,0.08999286592006683,0.2292206883430481,0.12570931017398834,-0.06026211380958557,0.11299102008342743,0.15084075927734375,0.08044086396694183,0.16433554887771606,0.06975425779819489,0.11480998992919922,0.059718355536460876,-0.0817534327507019,0.05293019115924835,0.16835671663284302,0.03224046528339386,0.15550881624221802,0.03170804679393768,0.09812092781066895,-0.0012126415967941284,-0.06072399020195007,-0.0028959661722183228,0.17587709426879883,-0.012737005949020386,0.15544718503952026,-0.00949983298778534,0.09651041030883789,-0.05143408477306366,-0.026494145393371582,-0.04580719769001007,0.15726804733276367,-0.04698094725608826,0.1413133144378662,-0.04814887046813965,0.08885031938552856,FIST
0.0,0.0,0.12806996703147888,0.04838600754737854,0.2117336392402649,0.1015360951423645,0.23284417390823364,0.17372414469718933,0.19176912307739258,0.22066131234169006,0.18607324361801147,-0.11702269315719604,0.19773536920547485,0.13408848643302917,0.15252894163131714,0.1579582393169403,0.13057634234428406,0.10003146529197693,0.11349526047706604,-0.13934925198554993,0.12192019820213318,0.15989717841148376,0.09414294362068176,0.1527250111103058,0.09585314989089966,0.0752088725566864,0.04936021566390991,-0.11826968193054199,0.05894345045089722,0.16977420449256897,0.04597824811935425,0.1578558385372162,0.05179339647293091,0.08363965153694153,-0.002968907356262207,-0.08545228838920593,0.009553715586662292,0.1511026918888092,0.006052657961845398,0.14234396815299988,0.006288975477218628,0.0661216676235199,FIST
0.0,0.0,0.12334856390953064,0.04870694875717163,0.2079867124557495,0.10287326574325562,0.2374788224697113,0.1586209535598755,0.2127944529056549,0.18965023756027222,0.20226168632507324,-0.10784193873405457,0.2222595512866974,0.12462958693504333,0.17740300297737122,0.15745246410369873,0.15843001008033752,0.10395708680152893,0.13399523496627808,-0.11896459758281708,0.14526212215423584,0.15622612833976746,0.11386927962303162,0.15969812870025635,0.11272773146629333,0.08215439319610596,0.06891492009162903,-0.09892083704471588,0.08134093880653381,0.16135835647583008,0.06455066800117493,0.16016682982444763,0.07086744904518127,0.08930641412734985,0.012249186635017395,-0.06647561490535736,0.023060321807861328,0.14155176281929016,0.01758594810962677,0.13888290524482727,0.021808624267578125,0.07001039385795593,FIST
0.0,0.0,0.1319037675857544,0.01748552918434143,0.22196316719055176,0.05380210280418396,0.2513993978500366,0.1332303285598755,0.20878255367279053,0.20123755931854248,0.20595014095306396,-0.1451714038848877,0.23153680562973022,0.07278338074684143,0.1889786720275879,0.112937331199646,0.16311430931091309,0.07868272066116333,0.14152657985687256,-0.16896124184131622,0.1579456925392151,0.10803788900375366,0.12516915798187256,0.11234322190284729,0.11712640523910522,0.04400470852851868,0.07983028888702393,-0.15147989988327026,0.08903676271438599,0.12471121549606323,0.06953877210617065,0.11020931601524353,0.07059121131896973,0.03809201717376709,0.023076176643371582,-0.11840930581092834,0.030115097761154175,0.10448572039604187,0.022207200527191162,0.10216408967971802,0.02017819881439209,0.042127758264541626,FIST
0.0,0.0,0.10568900406360626,0.017893731594085693,0.18292026221752167,0.04941534996032715,0.20614178478717804,0.11431998014450073,0.16100560128688812,0.16522997617721558,0.1458999663591385,-0.13280481100082397,0.1577417403459549,0.10165256261825562,0.12485124170780182,0.1222274899482727,0.10654430091381073,0.06595557928085327,0.07053811848163605,-0.14376482367515564,0.09061814844608307,0.13658487796783447,0.06950078904628754,0.12470954656600952,0.06636829674243927,0.05226069688796997,0.00665871798992157,-0.11312249302864075,0.02758316695690155,0.15043818950653076,0.02094358205795288,0.12914496660232544,0.02307477593421936,0.060013413429260254,-0.04529444873332977,-0.07338160276412964,-0.021548911929130554,0.1339060664176941,-0.020996347069740295,0.11521989107131958,-0.024485617876052856,0.0498923659324646,FIST
0.0,0.0,0.16617846488952637,0.03173506259918213,0.2935795187950134,0.08187490701675415,0.3507038950920105,0.1807132363319397,0.31357699632644653,0.27482718229293823,0.31706374883651733,-0.1663103699684143,0.34502190351486206,0.14247500896453857,0.2845388650894165,0.1711781620979309,0.25935298204421997,0.11492341756820679,0.23802918195724487,-0.1814468502998352,0.25487834215164185,0.18862301111221313,0.19833195209503174,0.1730239987373352,0.1879754662513733,0.08593946695327759,0.1596451997756958,-0.14955997467041016,0.1671167016029358,0.19890981912612915,0.12574619054794312,0.16890263557434082,0.1232498288154602,0.0854378342628479,0.08590048551559448,-0.09844589233398438,0.09571313858032227,0.1752300262451172,0.07475107908248901,0.15030866861343384,0.07375937700271606,0.06501621007919312,FIST
0.0,0.0,0.12559634447097778,0.034828126430511475,0.24415487051010132,0.12801408767700195,0.29954540729522705,0.2698215842247009,0.31152528524398804,0.3687059283256531,0.30112433433532715,-0.026865363121032715,0.32876020669937134,0.2834429144859314,0.27322643995285034,0.2856020927429199,0.24836307764053345,0.21398401260375977,0.2266489863395691,-0.03321409225463867,0.23388922214508057,0.332003116607666,0.18873506784439087,0.29030221700668335,0.18295198678970337,0.1907789707183838,0.14820116758346558,-0.0017328262329101562,0.15277647972106934,0.3485470414161682,0.11892426013946533,0.29189491271972656,0.11918789148330688,0.19246059656143188,0.07397347688674927,0.0440143346786499,0.0731615424156189,0.3257405757904053,0.05132383108139038,0.2715078592300415,0.05373793840408325,0.17021745443344116,FIST
0.0,0.0,0.13182580471038818,0.021115899085998535,0.23957538604736328,0.05443674325942993,0.2786923050880432,0.12576651573181152,0.2195202112197876,0.18580162525177002,0.2024751901626587,-0.19992145895957947,0.2160346508026123,0.08328390121459961,0.17167657613754272,0.11200261116027832,0.15202033519744873,0.054270267486572266,0.11700868606567383,-0.218092679977417,0.128095805644989,0.13074028491973877,0.09811091423034668,0.11705613136291504,0.09597647190093994,0.03698539733886719,0.041493237018585205,-0.18346893787384033,0.04747641086578369,0.15254461765289307,0.03241807222366333,0.12013155221939087,0.03900289535522461,0.038204967975616455,-0.021796822547912598,-0.1322900652885437,-0.0127028226852417,0.13397467136383057,-0.018159031867980957,0.10982608795166016,-0.019351065158843994,0.031350016593933105,FIST
0.0,0.0,0.13714736700057983,0.01743215322494507,0.23808807134628296,0.04108637571334839,0.2728855609893799,0.0989459753036499,0.21574395895004272,0.14854049682617188,0.19754743576049805,-0.2002069056034088,0.219091534614563,0.05923867225646973,0.18192285299301147,0.08435046672821045,0.1606726050376892,0.02832973003387451,0.11968079209327698,-0.21919280290603638,0.140286386013031,0.10129314661026001,0.11693167686462402,0.08850955963134766,0.11271610856056213,0.010402441024780273,0.050946205854415894,-0.18748611211776733,0.0675775408744812,0.12847447395324707,0.058373212814331055,0.09904515743255615,0.061905622482299805,0.018372714519500732,-0.0071830153465271,-0.13736334443092346,0.011758863925933838,0.11764413118362427,0.010650068521499634,0.09633779525756836,0.008385688066482544,0.019762754440307617,FIST
0.0,0.0,-0.07661741971969604,0.04546666145324707,-0.16428697109222412,0.05931103229522705,-0.18756699562072754,0.06595110893249512,-0.1453198790550232,0.053212642669677734,-0.15059953927993774,-0.21623235940933228,-0.11995917558670044,-0.030938029289245605,-0.11247920989990234,0.03157639503479004,-0.12438225746154785,-0.015726327896118164,-0.07731229066848755,-0.27031728625297546,-0.038305580615997314,-0.01989954710006714,-0.04457676410675049,0.030556917190551758,-0.06754589080810547,-0.0465235710144043,-0.004266321659088135,-0.27607545256614685,0.02864927053451538,-0.031310200691223145,0.012121438980102539,0.007208704948425293,-0.011331677436828613,-0.05426853895187378,0.057451725006103516,-0.25433552265167236,0.07603073120117188,-0.07227855920791626,0.06363999843597412,-0.034930408000946045,0.04620790481567383,-0.07454824447631836,FIST
0.0,0.0,-0.06088268756866455,0.03996610641479492,-0.13860434293746948,0.05559194087982178,-0.16584044694900513,0.07503759860992432,-0.1301790475845337,0.06290233135223389,-0.14502030611038208,-0.1951759159564972,-0.10753315687179565,-0.018237948417663574,-0.10163342952728271,0.02977508306503296,-0.11575579643249512,-0.016290247440338135,-0.0772905945777893,-0.25017765164375305,-0.02802443504333496,-0.009389519691467285,-0.03643864393234253,0.018513083457946777,-0.06507176160812378,-0.055016160011291504,-0.007008969783782959,-0.25847911834716797,0.03485637903213501,-0.025164484977722168,0.016430974006652832,0.003590226173400879,-0.011031150817871094,-0.05473828315734863,0.05291759967803955,-0.23799356818199158,0.07726889848709106,-0.0667719841003418,0.06482517719268799,-0.03649890422821045,0.04671812057495117,-0.07496309280395508,FIST
0.0,0.0,-0.059558868408203125,0.043988049030303955,-0.123526930809021,0.06820565462112427,-0.1281610131263733,0.10484743118286133,-0.08056539297103882,0.11716920137405396,-0.10684794187545776,-0.1654161512851715,-0.058260202407836914,0.020090758800506592,-0.06646120548248291,0.07426351308822632,-0.0859101414680481,0.028413236141204834,-0.03700631856918335,-0.20862862467765808,0.01350104808807373,0.042137324810028076,-0.009039998054504395,0.07808595895767212,-0.035339176654815674,0.010633766651153564,0.0303763747215271,-0.20575150847434998,0.07206648588180542,0.03272610902786255,0.043290674686431885,0.05731731653213501,0.01810896396636963,-0.0004864335060119629,0.08639991283416748,-0.1782524585723877,0.11378347873687744,-0.011758983135223389,0.09133869409561157,0.016243278980255127,0.07278174161911011,-0.015136420726776123,FIST
0.0,0.0,-0.06552505493164062,0.05562859773635864,-0.14654231071472168,0.08253651857376099,-0.1783098578453064,0.10164421796798706,-0.1425284743309021,0.09856897592544556,-0.15696930885314941,-0.17599034309387207,-0.12158018350601196,0.013067185878753662,-0.10373532772064209,0.06253737211227417,-0.11050790548324585,0.007185637950897217,-0.08072763681411743,-0.24266791343688965,-0.03482329845428467,0.02711278200149536,-0.039131104946136475,0.04772228002548218,-0.062352657318115234,-0.030874669551849365,-0.004755795001983643,-0.2556431293487549,0.027658820152282715,0.005980849266052246,0.015724480152130127,0.021555542945861816,-0.0013183355331420898,-0.03959137201309204,0.05552953481674194,-0.2378850281238556,0.0730288028717041,-0.03980475664138794,0.06335270404815674,-0.027473270893096924,0.05073225498199463,-0.07639509439468384,FIST
0.0,0.0,-0.07190611958503723,0.06889033317565918,-0.16695696115493774,0.10934984683990479,-0.18480628728866577,0.15297412872314453,-0.131204754114151,0.1605743169784546,-0.14471566677093506,-0.16400128602981567,-0.09963566064834595,0.059409141540527344,-0.10045036673545837,0.11770474910736084,-0.11854511499404907,0.0724329948425293,-0.06409966945648193,-0.2282702624797821,-0.009486019611358643,0.06078839302062988,-0.030181020498275757,0.08231508731842041,-0.057349205017089844,0.0055855512619018555,0.013542592525482178,-0.24285399913787842,0.05574393272399902,0.03536045551300049,0.030114054679870605,0.04744422435760498,0.004982173442840576,-0.02003490924835205,0.07635557651519775,-0.23003807663917542,0.10440534353256226,-0.018685758113861084,0.083584725856781,0.0002192854881286621,0.06056326627731323,-0.0473368763923645,FIST
0.0,0.0,-0.08087998628616333,0.08474266529083252,-0.1850179135799408,0.13399052619934082,-0.22239679098129272,0.1743406057357788,-0.1753598153591156,0.18325096368789673,-0.1827976405620575,-0.15095877647399902,-0.14318934082984924,0.09021961688995361,-0.12964323163032532,0.1273941993713379,-0.13583865761756897,0.07419997453689575,-0.10473951697349548,-0.22399303317070007,-0.05183255672454834,0.08523273468017578,-0.0572129487991333,0.07355600595474243,-0.07473275065422058,-0.009262561798095703,-0.02373829483985901,-0.2451660931110382,0.020696967840194702,0.05043947696685791,0.008618056774139404,0.045746445655822754,-0.009884744882583618,-0.03387117385864258,0.04755571484565735,-0.23781827092170715,0.07643821835517883,-0.014123678207397461,0.06612679362297058,-0.008379936218261719,0.049100667238235474,-0.07395398616790771,FIST
0.0,0.0,-0.07728040218353271,0.05975329875946045,-0.16490226984024048,0.0993119478225708,-0.1686585545539856,0.17356836795806885,-0.10546016693115234,0.2044987678527832,-0.15046745538711548,-0.19587019085884094,-0.08569800853729248,0.04085993766784668,-0.09227544069290161,0.09528017044067383,-0.11904042959213257,0.0362209677696228,-0.06106162071228027,-0.2605871856212616,0.007973790168762207,0.05909615755081177,-0.01909506320953369,0.07262641191482544,-0.052431583404541016,-0.012956380844116211,0.02582615613937378,-0.2659968435764313,0.07929050922393799,0.03930950164794922,0.04184490442276001,0.048427581787109375,0.011491000652313232,-0.023760557174682617,0.09453576803207397,-0.23790955543518066,0.12453776597976685,-0.02205979824066162,0.09526962041854858,-0.01911824941635132,0.07148087024688721,-0.07895195484161377,FIST
0.0,0.0,-0.09100621938705444,0.07683122158050537,-0.18335288763046265,0.1289529800415039,-0.1843758523464203,0.20578163862228394,-0.11002856492996216,0.24345546960830688,-0.14306068420410156,-0.204359769821167,-0.05908465385437012,0.06945270299911499,-0.07331997156143188,0.15676021575927734,-0.10566776990890503,0.10068285465240479,-0.0395505428314209,-0.2771120071411133,0.029121756553649902,0.07410770654678345,-0.0034418702125549316,0.13135218620300293,-0.03395289182662964,0.055040717124938965,0.05319184064865112,-0.2785091996192932,0.1040460467338562,0.06305426359176636,0.06046968698501587,0.1065058708190918,0.027543485164642334,0.04271876811981201,0.12519341707229614,-0.24678298830986023,0.15512269735336304,0.010287284851074219,0.1185300350189209,0.05863529443740845,0.08562272787094116,0.024935126304626465,FIST
0.0,0.0,-0.10430726408958435,0.08466988801956177,-0.2038353681564331,0.1482696533203125,-0.19580745697021484,0.23034977912902832,-0.12296387553215027,0.28125977516174316,-0.14975446462631226,-0.19980567693710327,-0.1009947657585144,0.11147207021713257,-0.11591064929962158,0.17062687873840332,-0.13214486837387085,0.09496939182281494,-0.04867297410964966,-0.2611579895019531,-0.0019470453262329102,0.0989844799041748,-0.02740633487701416,0.1328197717666626,-0.042745769023895264,0.028081774711608887,0.041940391063690186,-0.26433899998664856,0.08248460292816162,0.08878540992736816,0.04564481973648071,0.0955457091331482,0.019922196865081787,-0.0023136138916015625,0.1178821325302124,-0.23507067561149597,0.1471492052078247,0.017734766006469727,0.1176028847694397,0.03331613540649414,0.09026545286178589,-0.03904616832733154,FIST
0.0,0.0,-0.08457940816879272,0.0744706392288208,-0.19304202497005463,0.1272594928741455,-0.22524723410606384,0.2015976905822754,-0.17054209113121033,0.24363332986831665,-0.18668772280216217,-0.14463192224502563,-0.14651641249656677,0.09542608261108398,-0.12851810455322266,0.15035951137542725,-0.13706690073013306,0.10162514448165894,-0.09890428185462952,-0.22282612323760986,-0.047170430421829224,0.10728597640991211,-0.05271226167678833,0.1259273886680603,-0.07730695605278015,0.05247628688812256,-0.00942489504814148,-0.24555587768554688,0.02948269248008728,0.07053530216217041,0.019428223371505737,0.08139550685882568,0.0015937387943267822,0.013614892959594727,0.06441113352775574,-0.23704633116722107,0.08610686659812927,-0.0009500980377197266,0.0777604877948761,0.010300099849700928,0.06600087881088257,-0.04559004306793213,FIST
0.0,0.0,-0.07820966839790344,0.07621711492538452,-0.18143728375434875,0.12405282258987427,-0.22683440148830414,0.1720845103263855,-0.18861810863018036,0.19753116369247437,-0.17534610629081726,-0.1457241177558899,-0.15980146825313568,0.09777748584747314,-0.14206883311271667,0.1304972767829895,-0.14102968573570251,0.0688825249671936,-0.09502583742141724,-0.2138858437538147,-0.07105684280395508,0.11213427782058716,-0.0662972629070282,0.09791785478591919,-0.0724186897277832,0.008693873882293701,-0.013805985450744629,-0.2286890149116516,0.0026454925537109375,0.07688146829605103,0.0005784034729003906,0.0632677674293518,-0.006403237581253052,-0.02031654119491577,0.057656049728393555,-0.21656209230422974,0.06499189138412476,0.01163017749786377,0.05895256996154785,0.006416022777557373,0.05053931474685669,-0.06692415475845337,FIST
0.0,0.0,-0.058691829442977905,0.05710172653198242,-0.13729652762413025,0.10503536462783813,-0.18352407217025757,0.13630175590515137,-0.1627393364906311,0.14458292722702026,-0.15534734725952148,-0.11630034446716309,-0.1464768946170807,0.08240336179733276,-0.1188831478357315,0.10136300325393677,-0.1065109521150589,0.055635273456573486,-0.10136720538139343,-0.17528516054153442,-0.07571038603782654,0.07476937770843506,-0.057247042655944824,0.0734822154045105,-0.0540604293346405,0.009242236614227295,-0.039490699768066406,-0.19521838426589966,-0.008195936679840088,0.04503822326660156,-0.002748817205429077,0.04487425088882446,-0.0092448890209198,-0.027336955070495605,0.02222582697868347,-0.18944323062896729,0.0466131865978241,-0.0067119598388671875,0.049365609884262085,0.006116330623626709,0.04372096061706543,-0.05409538745880127,FIST
0.0,0.0,-0.056655943393707275,0.04689115285873413,-0.12969213724136353,0.0878300666809082,-0.1719100922346115,0.12315118312835693,-0.16183924674987793,0.14347583055496216,-0.15548478066921234,-0.1149473786354065,-0.15002435445785522,0.07300025224685669,-0.1218411773443222,0.08787822723388672,-0.10677847266197205,0.04560297727584839,-0.10611605644226074,-0.16965866088867188,-0.08544814586639404,0.06957465410232544,-0.060910701751708984,0.06855952739715576,-0.050986140966415405,0.014528512954711914,-0.04848635196685791,-0.18907994031906128,-0.023867011070251465,0.04214167594909668,-0.008024454116821289,0.04053831100463867,-0.005412936210632324,-0.021898925304412842,0.010253220796585083,-0.18353545665740967,0.029488176107406616,-0.003924071788787842,0.036954522132873535,0.008993744850158691,0.037037044763565063,-0.04246854782104492,FIST
0.0,0.0,-0.056643545627593994,0.03429943323135376,-0.12323012948036194,0.0685320496559143,-0.15859384834766388,0.10981833934783936,-0.14649751782417297,0.14808803796768188,-0.13539022207260132,-0.118014395236969,-0.12616676092147827,0.05865079164505005,-0.10283385217189789,0.08814138174057007,-0.09202292561531067,0.05885767936706543,-0.08675837516784668,-0.16396653652191162,-0.07066524028778076,0.06260257959365845,-0.051490604877471924,0.07855820655822754,-0.04459717869758606,0.037681519985198975,-0.03115096688270569,-0.17732501029968262,-0.013730406761169434,0.044621288776397705,-0.002819150686264038,0.056486546993255615,-0.0023834407329559326,0.006779491901397705,0.02379515767097473,-0.16763705015182495,0.03687405586242676,0.004972219467163086,0.04232332110404968,0.023873507976531982,0.041996926069259644,-0.021028220653533936,FIST
0.0,0.0,-0.04755467176437378,0.027069032192230225,-0.10301828384399414,0.013827800750732422,-0.10537388920783997,-0.015355706214904785,-0.059807002544403076,-0.045362114906311035,-0.08649605512619019,-0.23804280161857605,-0.041362762451171875,-0.1248374879360199,-0.040225863456726074,-0.025534749031066895,-0.05661821365356445,-0.03656238317489624,-0.026750147342681885,-0.2801992744207382,0.013643503189086914,-0.11502552032470703,0.0015747547149658203,-0.007055938243865967,-0.014050185680389404,-0.028810858726501465,0.029181957244873047,-0.27805671095848083,0.06375336647033691,-0.10264289379119873,0.04380899667739868,-0.013123571872711182,0.024978935718536377,-0.02525562047958374,0.07643383741378784,-0.2522538751363754,0.0973014235496521,-0.1116257905960083,0.07861202955245972,-0.044702112674713135,0.05769258737564087,-0.04742306470870972,FIST
0.0,0.0,-0.051201701164245605,0.030824750661849976,-0.11079075932502747,0.019847631454467773,-0.11851382255554199,-0.009811639785766602,-0.07918983697891235,-0.04196193814277649,-0.10127365589141846,-0.23487229645252228,-0.06073540449142456,-0.12346085906028748,-0.057830810546875,-0.029796600341796875,-0.07390046119689941,-0.04052668809890747,-0.042559683322906494,-0.2839626520872116,-0.0034078359603881836,-0.11420419812202454,-0.013160765171051025,-0.010051935911178589,-0.02939438819885254,-0.0340113639831543,0.014527857303619385,-0.2867896407842636,0.049231886863708496,-0.10613676905632019,0.03047025203704834,-0.019575774669647217,0.010716080665588379,-0.03399357199668884,0.06401962041854858,-0.2653267830610275,0.0864214301109314,-0.12147894501686096,0.07025903463363647,-0.05623176693916321,0.04996150732040405,-0.06183728575706482,FIST
0.0,0.0,-0.06336671113967896,0.040057361125946045,-0.12175458669662476,0.04786807298660278,-0.11684399843215942,0.060289621353149414,-0.07790917158126831,0.062266528606414795,-0.11598777770996094,-0.20100751519203186,-0.07456749677658081,-0.031817078590393066,-0.07686728239059448,0.042588770389556885,-0.08732807636260986,0.0024303197860717773,-0.05075514316558838,-0.24263881146907806,-0.008780181407928467,-0.032221436500549316,-0.02441638708114624,0.04644441604614258,-0.03864401578903198,-0.007291316986083984,0.010167419910430908,-0.24578259885311127,0.04719233512878418,-0.035616934299468994,0.024340152740478516,0.024107754230499268,0.00498586893081665,-0.021108895540237427,0.06112635135650635,-0.2255851924419403,0.08729636669158936,-0.06848764419555664,0.06912988424301147,-0.02067422866821289,0.049726247787475586,-0.05183768272399902,FIST
0.0,0.0,-0.07589301466941833,0.06865417957305908,-0.17419365048408508,0.08761763572692871,-0.1993160843849182,0.07770085334777832,-0.14397741854190826,0.05489194393157959,-0.17176470160484314,-0.18678539991378784,-0.137262225151062,-0.04556339979171753,-0.11946472525596619,0.03280210494995117,-0.12586790323257446,0.004897892475128174,-0.11153775453567505,-0.2637702226638794,-0.06437742710113525,-0.06634706258773804,-0.0545637309551239,0.0258636474609375,-0.06787034869194031,-0.02610957622528076,-0.04591798782348633,-0.29662778973579407,0.00036832690238952637,-0.08701685070991516,-0.004362761974334717,-0.005547881126403809,-0.02606990933418274,-0.04534280300140381,0.0174160897731781,-0.3029506206512451,0.04511186480522156,-0.1456942856311798,0.04001608490943909,-0.07518240809440613,0.019357621669769287,-0.09580889344215393,FIST
0.0,0.0,-0.07222893834114075,0.08084851503372192,-0.1708996593952179,0.10819029808044434,-0.19655662775039673,0.10153782367706299,-0.13435037434101105,0.08704382181167603,-0.16673433780670166,-0.1795925498008728,-0.12735944986343384,-0.0367588996887207,-0.11480347812175751,0.04512202739715576,-0.11943747103214264,0.02331256866455078,-0.10056966543197632,-0.2615380585193634,-0.053260862827301025,-0.06198829412460327,-0.05261382460594177,0.03433966636657715,-0.06082847714424133,0.0055084228515625,-0.03164657950401306,-0.2950236350297928,0.013864129781723022,-0.0882536768913269,0.0031721293926239014,-0.0008639097213745117,-0.012847959995269775,-0.030608057975769043,0.036123126745224,-0.29867251217365265,0.06531855463981628,-0.14288288354873657,0.0523088276386261,-0.06191244721412659,0.03064301609992981,-0.07448074221611023,FIST
0.0,0.0,-0.07115775346755981,0.08583694696426392,-0.16644692420959473,0.12141257524490356,-0.18967601656913757,0.12788283824920654,-0.12977252900600433,0.12751126289367676,-0.16291141510009766,-0.14912045001983643,-0.12355406582355499,0.0020729899406433105,-0.11129064857959747,0.07725465297698975,-0.11746488511562347,0.048968732357025146,-0.09613028168678284,-0.22812336683273315,-0.048404186964035034,-0.028964519500732422,-0.04710042476654053,0.05917614698410034,-0.05676847696304321,0.025187432765960693,-0.02731683850288391,-0.26289862394332886,0.017325878143310547,-0.06015768647193909,0.007882893085479736,0.01997607946395874,-0.009264200925827026,-0.01337122917175293,0.03902849555015564,-0.27046793699264526,0.06877443194389343,-0.11640468239784241,0.055490642786026,-0.03850698471069336,0.03192269802093506,-0.049720168113708496,FIST
0.0,0.0,0.09959034621715546,-0.057026028633117676,0.1892443150281906,-0.16736769676208496,0.25548987090587616,-0.2545843720436096,0.3110247105360031,-0.2990639805793762,0.13136303424835205,-0.420993447303772,0.15892817080020905,-0.592424064874649,0.16607128083705902,-0.6976453363895416,0.16755597293376923,-0.7920653223991394,0.06834834814071655,-0.45945167541503906,0.0796847939491272,-0.66309654712677,0.08335761725902557,-0.7878928184509277,0.08144979178905487,-0.8950766324996948,0.007706895470619202,-0.44771048426628113,0.003694787621498108,-0.6355598270893097,0.003443807363510132,-0.7528510987758636,0.0030070990324020386,-0.855790913105011,-0.052283868193626404,-0.40252357721328735,-0.07726822793483734,-0.5454290807247162,-0.09208086133003235,-0.6315037608146667,-0.10228864848613739,-0.7087532579898834,OPEN_PALM
0.0,0.0,0.07581621408462524,-0.03700089454650879,0.141973078250885,-0.11566346883773804,0.1931825578212738,-0.17929530143737793,0.23686155676841736,-0.21176069974899292,0.09972524642944336,-0.30312180519104004,0.12506121397018433,-0.42598986625671387,0.13384589552879333,-0.5021232068538666,0.13863128423690796,-0.5717697441577911,0.054962411522865295,-0.3338676691055298,0.06668362021446228,-0.47963401675224304,0.07195159792900085,-0.5671742260456085,0.07484978437423706,-0.6444510221481323,0.009876757860183716,-0.3274833559989929,0.011346429586410522,-0.46410107612609863,0.015882432460784912,-0.5504845082759857,0.0202760249376297,-0.6263374090194702,-0.035193562507629395,-0.2925173044204712,-0.04941880702972412,-0.3978515863418579,-0.05747957527637482,-0.46895402669906616,-0.0610540509223938,-0.5359601974487305,OPEN_PALM
0.0,0.0,0.07581298053264618,-0.0389934778213501,0.14188523590564728,-0.11698508262634277,0.19400326907634735,-0.17963528633117676,0.23966936767101288,-0.21537643671035767,0.09853692352771759,-0.3106556534767151,0.12343670427799225,-0.43658018112182617,0.13308031857013702,-0.5133116543292999,0.13868094980716705,-0.5831744372844696,0.05239535868167877,-0.3408404588699341,0.06336961686611176,-0.4900261461734772,0.06925003230571747,-0.5818735063076019,0.07217194139957428,-0.6633285582065582,0.0063250064849853516,-0.33409583568573,0.007675871253013611,-0.4722386598587036,0.01275382936000824,-0.561385989189148,0.01728816330432892,-0.6405899822711945,-0.03928108513355255,-0.29868096113204956,-0.05312427878379822,-0.4068860411643982,-0.06076878309249878,-0.47935453057289124,-0.06405934691429138,-0.5491769909858704,OPEN_PALM
0.0,0.0,0.08115223050117493,-0.014260828495025635,0.15879398584365845,-0.08580231666564941,0.2192346453666687,-0.1501225233078003,0.26929372549057007,-0.17533373832702637,0.12290060520172119,-0.29098087549209595,0.15944582223892212,-0.4143562912940979,0.17749416828155518,-0.49689042568206787,0.19144290685653687,-0.5737539827823639,0.07837289571762085,-0.3297152519226074,0.09889566898345947,-0.48238542675971985,0.11399173736572266,-0.5765128433704376,0.1253162920475006,-0.659480482339859,0.031212568283081055,-0.3304709196090698,0.04280763864517212,-0.4767492413520813,0.05454057455062866,-0.5705206990242004,0.06339749693870544,-0.6529986560344696,-0.01779678463935852,-0.30450576543807983,-0.021219074726104736,-0.42190271615982056,-0.022025614976882935,-0.4990863502025604,-0.01853117346763611,-0.5724424123764038,OPEN_PALM
0.0,0.0,0.0775875449180603,-0.010904192924499512,0.15643393993377686,-0.07679098844528198,0.21474939584732056,-0.12601613998413086,0.261383056640625,-0.1516885757446289,0.12405288219451904,-0.29472893476486206,0.16069632768630981,-0.41530609130859375,0.18375468254089355,-0.4951871633529663,0.20094865560531616,-0.5662261843681335,0.08143043518066406,-0.3363165855407715,0.10791522264480591,-0.4924510717391968,0.12971168756484985,-0.5912320017814636,0.14547443389892578,-0.6746207773685455,0.03569158911705017,-0.3398839235305786,0.05124485492706299,-0.4955366849899292,0.06843101978302002,-0.5915988385677338,0.0831993818283081,-0.6727316379547119,-0.012165844440460205,-0.31379032135009766,-0.011406272649765015,-0.43813982605934143,-0.008012473583221436,-0.5212183594703674,0.00019168853759765625,-0.59975466132164,OPEN_PALM
0.0,0.0,0.0826461911201477,-0.04723280668258667,0.15008574724197388,-0.1421002745628357,0.2037099003791809,-0.18920916318893433,0.24646484851837158,-0.19181764125823975,0.08620357513427734,-0.36247318983078003,0.09379374980926514,-0.47229838371276855,0.09399265050888062,-0.535155177116394,0.09009703993797302,-0.5822736024856567,0.03283962607383728,-0.3847959637641907,0.027683258056640625,-0.5234306454658508,0.025537610054016113,-0.590276300907135,0.021254658699035645,-0.6412424147129059,-0.015138983726501465,-0.3655317425727844,-0.029088079929351807,-0.49771130084991455,-0.03276020288467407,-0.5704340934753418,-0.03850628435611725,-0.6281808018684387,-0.06007520854473114,-0.31920015811920166,-0.10017329454421997,-0.41217920184135437,-0.12350812554359436,-0.4762207865715027,-0.14086517691612244,-0.5323529243469238,OPEN_PALM
0.0,0.0,0.08297836780548096,-0.05109173059463501,0.15121138095855713,-0.14482414722442627,0.20691576600074768,-0.19234097003936768,0.25132426619529724,-0.1934317946434021,0.08872842788696289,-0.35994213819503784,0.09846210479736328,-0.4747677445411682,0.09769800305366516,-0.5397497117519379,0.0926276445388794,-0.5909381806850433,0.03540244698524475,-0.3828994333744049,0.03166162967681885,-0.5251611471176147,0.028824657201766968,-0.5973336100578308,0.02351793646812439,-0.6552058756351471,-0.013502508401870728,-0.3642488718032837,-0.026745378971099854,-0.49819445610046387,-0.030930161476135254,-0.5735875368118286,-0.03623737394809723,-0.6365437209606171,-0.05924081802368164,-0.3167405128479004,-0.09692397713661194,-0.40934494137763977,-0.11986389756202698,-0.47232115268707275,-0.13697931170463562,-0.529573917388916,OPEN_PALM
0.0,0.0,0.07961919903755188,-0.04043722152709961,0.14551979303359985,-0.12486064434051514,0.1988481879234314,-0.16831016540527344,0.2418404221534729,-0.16433852910995483,0.08694711327552795,-0.3315695524215698,0.09964683651924133,-0.44055110216140747,0.10159221291542053,-0.5050680041313171,0.09903168678283691,-0.5573451519012451,0.03771337866783142,-0.3535178005695343,0.03754279017448425,-0.4847189784049988,0.03550860285758972,-0.5553730726242065,0.031263768672943115,-0.6163282096385956,-0.006803005933761597,-0.3367934226989746,-0.01791924238204956,-0.4599294662475586,-0.021324098110198975,-0.5323694348335266,-0.027097493410110474,-0.5926976203918457,-0.04946555197238922,-0.29405879974365234,-0.0844544917345047,-0.38477662205696106,-0.1049843281507492,-0.4498099684715271,-0.12066584825515747,-0.5078446269035339,OPEN_PALM
0.0,0.0,0.082145094871521,-0.035674989223480225,0.1484474241733551,-0.11413013935089111,0.201755553483963,-0.1516687273979187,0.24226835370063782,-0.14310342073440552,0.09209614992141724,-0.32237493991851807,0.10163864493370056,-0.43134021759033203,0.10338485240936279,-0.49728578329086304,0.10064184665679932,-0.5499147176742554,0.04339894652366638,-0.3463783264160156,0.041597336530685425,-0.4803067743778229,0.040182262659072876,-0.5513191819190979,0.03660374879837036,-0.6110824048519135,-0.0008034110069274902,-0.3319299817085266,-0.011146306991577148,-0.4596049189567566,-0.015429675579071045,-0.5318618416786194,-0.02218988537788391,-0.5919792652130127,-0.042680174112319946,-0.29061222076416016,-0.07270190119743347,-0.37593919038772583,-0.09115904569625854,-0.4356311559677124,-0.10551340878009796,-0.49048876762390137,OPEN_PALM
0.0,0.0,0.0840097963809967,-0.029961585998535156,0.15621736645698547,-0.1019207239151001,0.21364912390708923,-0.13518714904785156,0.25510361790657043,-0.12596631050109863,0.10197100043296814,-0.3170980215072632,0.11479100584983826,-0.4328189492225647,0.11788204312324524,-0.5023241937160492,0.11636298894882202,-0.5581536591053009,0.0521409809589386,-0.3432644307613373,0.05069419741630554,-0.4861474633216858,0.05057278275489807,-0.560916393995285,0.0488913357257843,-0.6231108009815216,0.006129711866378784,-0.32951781153678894,-0.00372353196144104,-0.4646468162536621,-0.006038457155227661,-0.5408697128295898,-0.010787159204483032,-0.6038412749767303,-0.037158042192459106,-0.2887716293334961,-0.06743921339511871,-0.37784162163734436,-0.08493612706661224,-0.44089698791503906,-0.09717239439487457,-0.500221848487854,OPEN_PALM
0.0,0.0,0.08509436249732971,-0.022139310836791992,0.15914353728294373,-0.08936572074890137,0.22108280658721924,-0.11553192138671875,0.2659817934036255,-0.1127442717552185,0.11280596256256104,-0.32163894176483154,0.12907332181930542,-0.44022035598754883,0.13519278168678284,-0.5104761123657227,0.13660910725593567,-0.5680215060710907,0.06271570920944214,-0.3530679941177368,0.06557807326316833,-0.5015217661857605,0.06855025887489319,-0.5777010917663574,0.06796565651893616,-0.6391591131687164,0.014332294464111328,-0.34348583221435547,0.00873836874961853,-0.4836306571960449,0.009449213743209839,-0.5631535351276398,0.005979001522064209,-0.6289891600608826,-0.030808746814727783,-0.3048282265663147,-0.06092029809951782,-0.39800599217414856,-0.07926222681999207,-0.46367231011390686,-0.0928298830986023,-0.5247302949428558,OPEN_PALM
0.0,0.0,0.09381365776062012,-0.03872203826904297,0.1729191243648529,-0.1276903748512268,0.23949849605560303,-0.19450360536575317,0.3015313148498535,-0.22823023796081543,0.12743473052978516,-0.37580806016921997,0.15547609329223633,-0.5247573256492615,0.1626608669757843,-0.6173913478851318,0.16398704051971436,-0.6989339590072632,0.0660851001739502,-0.41415295004844666,0.07657670974731445,-0.5797078907489777,0.07888981699943542,-0.6824651658535004,0.07696551084518433,-0.7716453075408936,0.003018483519554138,-0.4023045301437378,0.005567342042922974,-0.5585911273956299,0.004212304949760437,-0.6568887233734131,0.0016947835683822632,-0.7453269958496094,-0.059520453214645386,-0.3550620675086975,-0.08690424263477325,-0.46017417311668396,-0.1076483428478241,-0.5342296957969666,-0.12458017468452454,-0.6070159375667572,OPEN_PALM
0.0,0.0,0.08744674921035767,-0.037194907665252686,0.15893790125846863,-0.12618327140808105,0.21916338801383972,-0.19734865427017212,0.27913910150527954,-0.2381606101989746,0.11846977472305298,-0.37803828716278076,0.1427568793296814,-0.5273218154907227,0.14786148071289062,-0.6213477253913879,0.146763414144516,-0.7039958536624908,0.05561468005180359,-0.42016512155532837,0.06187158823013306,-0.5941768288612366,0.060442790389060974,-0.7022985219955444,0.05474969744682312,-0.7967748045921326,-0.00900721549987793,-0.40867018699645996,-0.011614754796028137,-0.5749589800834656,-0.01614876091480255,-0.679328590631485,-0.021030843257904053,-0.7734121382236481,-0.07307365536689758,-0.35863858461380005,-0.10679559409618378,-0.47260960936546326,-0.13132992386817932,-0.5503590703010559,-0.1509588360786438,-0.6270290613174438,OPEN_PALM
0.0,0.0,0.08150462806224823,-0.04124808311462402,0.14983949065208435,-0.13577532768249512,0.20747527480125427,-0.21056270599365234,0.2659114897251129,-0.25628817081451416,0.10827597975730896,-0.3886229991912842,0.12583297491073608,-0.5498928427696228,0.12900468707084656,-0.6481756567955017,0.1272757649421692,-0.7334189414978027,0.04355478286743164,-0.4303761422634125,0.044401317834854126,-0.61424720287323,0.03823612630367279,-0.7281130850315094,0.027864903211593628,-0.8255616426467896,-0.021872729063034058,-0.4187079966068268,-0.031756311655044556,-0.5922398567199707,-0.04148013889789581,-0.7020942270755768,-0.05160069465637207,-0.7974449992179871,-0.08711627125740051,-0.3672914505004883,-0.13200455904006958,-0.48471176624298096,-0.1657859981060028,-0.5593871474266052,-0.19415515661239624,-0.6300612390041351,OPEN_PALM
0.0,0.0,0.07875129580497742,-0.04402512311935425,0.1444852650165558,-0.14025968313217163,0.20096686482429504,-0.2194632887840271,0.25845491886138916,-0.27127373218536377,0.10625845193862915,-0.39390861988067627,0.12105756998062134,-0.5552384257316589,0.11853033304214478,-0.653944730758667,0.11181217432022095,-0.7401049435138702,0.04069942235946655,-0.43562525510787964,0.037173256278038025,-0.6203437447547913,0.026074901223182678,-0.7333322763442993,0.011989593505859375,-0.8294262588024139,-0.02495671808719635,-0.42248284816741943,-0.03995029628276825,-0.5962851643562317,-0.05587996542453766,-0.7048175632953644,-0.07142913341522217,-0.7989455461502075,-0.08909289538860321,-0.3682710528373718,-0.1343245804309845,-0.4814165234565735,-0.16663914918899536,-0.5477986335754395,-0.1950353980064392,-0.608923465013504,OPEN_PALM
0.0,0.0,0.0948476493358612,-0.032294392585754395,0.18004697561264038,-0.12215864658355713,0.2532130777835846,-0.1780080795288086,0.3205653131008148,-0.1965397596359253,0.14194241166114807,-0.3769707679748535,0.1800248622894287,-0.5317370295524597,0.19511529803276062,-0.6301947236061096,0.20399042963981628,-0.7174035906791687,0.08051297068595886,-0.4265410006046295,0.09774288535118103,-0.6149903833866119,0.10777118802070618,-0.7333470284938812,0.11198395490646362,-0.8357740640640259,0.015107542276382446,-0.41998156905174255,0.019452601671218872,-0.5969703197479248,0.023800581693649292,-0.7093255817890167,0.029088467359542847,-0.8112393617630005,-0.0503697395324707,-0.37239187955856323,-0.07854640483856201,-0.49659666419029236,-0.0989447832107544,-0.5823315978050232,-0.11279010772705078,-0.6669802069664001,OPEN_PALM
0.0,0.0,-0.1145356297492981,-0.03373551368713379,-0.21373969316482544,-0.1446205973625183,-0.26898854970932007,-0.2728657126426697,-0.3109017014503479,-0.38842517137527466,-0.18979287147521973,-0.4493175148963928,-0.23648279905319214,-0.6084831357002258,-0.2509768605232239,-0.703729584813118,-0.2570039629936218,-0.7846142053604126,-0.11561465263366699,-0.5081297159194946,-0.14679700136184692,-0.6937411427497864,-0.15530937910079956,-0.7963285446166992,-0.15819191932678223,-0.8767846524715424,-0.040478527545928955,-0.5116412341594696,-0.06375479698181152,-0.6838490962982178,-0.07142984867095947,-0.7857826948165894,-0.07778221368789673,-0.8703473806381226,0.036871135234832764,-0.47320106625556946,0.02599942684173584,-0.6098570227622986,0.017021536827087402,-0.6888595223426819,0.0076999664306640625,-0.7594388127326965,OPEN_PALM
0.0,0.0,-0.11055344343185425,-0.03391236066818237,-0.2098376750946045,-0.1445034146308899,-0.2664409875869751,-0.27273333072662354,-0.3092261552810669,-0.3864701986312866,-0.1925012469291687,-0.45573198795318604,-0.24040210247039795,-0.6139537394046783,-0.2515944838523865,-0.7055870592594147,-0.25249654054641724,-0.7787295579910278,-0.116482675075531,-0.5124510228633881,-0.14783966541290283,-0.6981477439403534,-0.15383213758468628,-0.7917789220809937,-0.1529322862625122,-0.8536944687366486,-0.039476215839385986,-0.5150092840194702,-0.06344866752624512,-0.6879228949546814,-0.06992137432098389,-0.7853066027164459,-0.07326209545135498,-0.856077641248703,0.039098143577575684,-0.47527697682380676,0.026082992553710938,-0.6135644316673279,0.018503189086914062,-0.6911822557449341,0.012446701526641846,-0.7576547861099243,OPEN_PALM
0.0,0.0,-0.10862785577774048,-0.040251314640045166,-0.20475554466247559,-0.15663790702819824,-0.25907373428344727,-0.2888314127922058,-0.3035915493965149,-0.3986554741859436,-0.18308156728744507,-0.44827181100845337,-0.23215293884277344,-0.6147019863128662,-0.24209284782409668,-0.714798778295517,-0.24031126499176025,-0.8003504574298859,-0.10936003923416138,-0.5091027915477753,-0.13976359367370605,-0.7071107476949692,-0.14296597242355347,-0.814609944820404,-0.13817715644836426,-0.8983922302722931,-0.03615856170654297,-0.5133237838745117,-0.059480369091033936,-0.6947847157716751,-0.06372058391571045,-0.8024333417415619,-0.06398391723632812,-0.8881942927837372,0.03832805156707764,-0.47636139392852783,0.031550049781799316,-0.6214303076267242,0.03110206127166748,-0.7131577581167221,0.0331425666809082,-0.7949326932430267,OPEN_PALM
0.0,0.0,-0.11146301031112671,-0.024924159049987793,-0.21093857288360596,-0.132240891456604,-0.2638852596282959,-0.272230863571167,-0.3004305958747864,-0.3936365246772766,-0.1920790672302246,-0.4420868158340454,-0.23053157329559326,-0.6030943393707275,-0.22794878482818604,-0.6913557350635529,-0.2108088731765747,-0.7412251979112625,-0.11895579099655151,-0.5049757957458496,-0.14813357591629028,-0.6991631388664246,-0.13864773511886597,-0.7893587648868561,-0.11669379472732544,-0.8197633326053619,-0.04796808958053589,-0.5135518610477448,-0.06974339485168457,-0.6868565082550049,-0.06206291913986206,-0.780785322189331,-0.042292654514312744,-0.8185061812400818,0.026514530181884766,-0.4810355007648468,0.013673245906829834,-0.6112753450870514,0.021984755992889404,-0.6820895969867706,0.04188883304595947,-0.7222142964601517,OPEN_PALM
0.0,0.0,-0.08212560415267944,-0.012846231460571289,-0.15705376863479614,-0.07826530933380127,-0.2053079605102539,-0.15026700496673584,-0.2511024475097656,-0.20111751556396484,-0.12745988368988037,-0.2982003092765808,-0.16392779350280762,-0.42353343963623047,-0.18130671977996826,-0.5044025778770447,-0.19515597820281982,-0.5802114009857178,-0.07804423570632935,-0.3374728560447693,-0.10028046369552612,-0.48234713077545166,-0.11299771070480347,-0.5738244652748108,-0.12322866916656494,-0.6572419703006744,-0.028435885906219482,-0.3383127450942993,-0.043385207653045654,-0.473857045173645,-0.05442643165588379,-0.5630589723587036,-0.06649309396743774,-0.6426703035831451,0.02070319652557373,-0.3123125433921814,0.013228952884674072,-0.4199766516685486,0.005039036273956299,-0.48976168036460876,-0.006592869758605957,-0.5551360249519348,OPEN_PALM
0.0,0.0,-0.07805031538009644,0.0034999847412109375,-0.15165162086486816,-0.05099451541900635,-0.2029467225074768,-0.11299800872802734,-0.24880576133728027,-0.15868812799453735,-0.13307031989097595,-0.2605438232421875,-0.17326560616493225,-0.3684265613555908,-0.19515162706375122,-0.43945395946502686,-0.21402734518051147,-0.5057589113712311,-0.09124642610549927,-0.30644363164901733,-0.11883419752120972,-0.4344916343688965,-0.13667958974838257,-0.5174797177314758,-0.15363845229148865,-0.5912894606590271,-0.0477144718170166,-0.3171241879463196,-0.0694730281829834,-0.4387679100036621,-0.0868077278137207,-0.5172957181930542,-0.10620254278182983,-0.5849838852882385,-0.002417325973510742,-0.3037695288658142,-0.01679748296737671,-0.40175819396972656,-0.03265213966369629,-0.46504735946655273,-0.0527644157409668,-0.5213168859481812,OPEN_PALM
0.0,0.0,-0.07920071482658386,0.02781808376312256,-0.15800395607948303,-0.00563281774520874,-0.21154162287712097,-0.052103519439697266,-0.25753623247146606,-0.07299679517745972,-0.15384230017662048,-0.22898024320602417,-0.20119118690490723,-0.32415980100631714,-0.23020821809768677,-0.3853507936000824,-0.2572542577981949,-0.44169187545776367,-0.11816525459289551,-0.28430020809173584,-0.15557155013084412,-0.4068635106086731,-0.182972252368927,-0.4830878674983978,-0.2073412835597992,-0.5465025901794434,-0.07888570427894592,-0.3073529005050659,-0.10940355062484741,-0.4219125807285309,-0.13565263152122498,-0.4952986240386963,-0.16154387593269348,-0.5539104640483856,-0.03602924942970276,-0.3079127073287964,-0.058653563261032104,-0.40677517652511597,-0.08073529601097107,-0.46726107597351074,-0.10597893595695496,-0.5174741446971893,OPEN_PALM
0.0,0.0,-0.07648864388465881,0.02483665943145752,-0.1529749035835266,-0.011053025722503662,-0.204043447971344,-0.056241750717163086,-0.24849605560302734,-0.07879853248596191,-0.14917245507240295,-0.22435736656188965,-0.1952659785747528,-0.312455415725708,-0.22498318552970886,-0.36748814582824707,-0.2539128363132477,-0.41621169447898865,-0.11605221033096313,-0.27759850025177,-0.15269944071769714,-0.39349859952926636,-0.1820300817489624,-0.46355289220809937,-0.21036583185195923,-0.5190817713737488,-0.07884064316749573,-0.3005841374397278,-0.11081084609031677,-0.40815839171409607,-0.13905096054077148,-0.47368982434272766,-0.16810500621795654,-0.5231283009052277,-0.038228511810302734,-0.30098211765289307,-0.06410709023475647,-0.39452746510505676,-0.08971810340881348,-0.44714266061782837,-0.1188957691192627,-0.48673853278160095,OPEN_PALM
0.0,0.0,-0.08087179064750671,0.023969531059265137,-0.16001933813095093,-0.016102194786071777,-0.21487250924110413,-0.06805884838104248,-0.2635113000869751,-0.09776365756988525,-0.15209084749221802,-0.2330569624900818,-0.1994309425354004,-0.333577960729599,-0.22845762968063354,-0.39609119296073914,-0.255244642496109,-0.45390185713768005,-0.11550918221473694,-0.28562384843826294,-0.15110546350479126,-0.41153743863105774,-0.1792338490486145,-0.48904383182525635,-0.20618170499801636,-0.5537351369857788,-0.07516419887542725,-0.30545175075531006,-0.10664916038513184,-0.422895222902298,-0.13265880942344666,-0.4995001554489136,-0.15914258360862732,-0.5598074793815613,-0.031414687633514404,-0.30253350734710693,-0.05614998936653137,-0.40466517210006714,-0.07827505469322205,-0.4663057029247284,-0.10386273264884949,-0.5158433318138123,OPEN_PALM
0.0,0.0,-0.08336067199707031,0.011649250984191895,-0.16145899891853333,-0.034003496170043945,-0.21633374691009521,-0.0949697494506836,-0.26493579149246216,-0.13507354259490967,-0.14721369743347168,-0.25084859132766724,-0.19251298904418945,-0.3631073236465454,-0.21772509813308716,-0.4333522915840149,-0.24011915922164917,-0.4989548921585083,-0.10456645488739014,-0.30411773920059204,-0.13703003525733948,-0.43775415420532227,-0.1616249978542328,-0.5209178924560547,-0.18458935618400574,-0.5928538739681244,-0.05968821048736572,-0.3208894431591034,-0.08646523952484131,-0.4456632733345032,-0.10693013668060303,-0.5269799530506134,-0.12796571850776672,-0.5936212837696075,-0.013322770595550537,-0.31251275539398193,-0.03232985734939575,-0.4172808825969696,-0.049447834491729736,-0.4846404790878296,-0.06956267356872559,-0.5427974313497543,OPEN_PALM
0.0,0.0,-0.07162207365036011,-0.014960110187530518,-0.1339646577835083,-0.07551378011703491,-0.17472690343856812,-0.15129458904266357,-0.21394658088684082,-0.19883492588996887,-0.11086052656173706,-0.2505940794944763,-0.1375819444656372,-0.36468806862831116,-0.14807188510894775,-0.4350384324789047,-0.15409815311431885,-0.49938832223415375,-0.0710105299949646,-0.28248241543769836,-0.08847516775131226,-0.40534308552742004,-0.09430038928985596,-0.483121395111084,-0.09737813472747803,-0.5517734289169312,-0.03140383958816528,-0.28592604398727417,-0.04277259111404419,-0.39859360456466675,-0.0477832555770874,-0.472307026386261,-0.0526580810546875,-0.5361305475234985,0.009220719337463379,-0.27056851983070374,0.004355967044830322,-0.362802118062973,0.0005756616592407227,-0.42379701137542725,-0.003222227096557617,-0.48104916512966156,OPEN_PALM
0.0,0.0,-0.07323378324508667,-0.004599213600158691,-0.13859105110168457,-0.057718634605407715,-0.18198522925376892,-0.11732125282287598,-0.22253382205963135,-0.16071105003356934,-0.11584794521331787,-0.24120008945465088,-0.14680886268615723,-0.347372442483902,-0.16325271129608154,-0.4153584837913513,-0.17710846662521362,-0.4777650535106659,-0.07601422071456909,-0.2779681086540222,-0.0965530276298523,-0.4009301960468292,-0.1087237000465393,-0.48012952506542206,-0.11918908357620239,-0.5492163002490997,-0.03531140089035034,-0.28504300117492676,-0.05077928304672241,-0.4010937809944153,-0.06350487470626831,-0.4763288348913193,-0.07708382606506348,-0.5408335626125336,0.006776154041290283,-0.27295592427253723,-0.002621889114379883,-0.36849722266197205,-0.013488948345184326,-0.4313123822212219,-0.02710545063018799,-0.48729176819324493,OPEN_PALM
0.0,0.0,-0.07399213314056396,0.003967940807342529,-0.1425703465938568,-0.04675966501235962,-0.19017159938812256,-0.10440295934677124,-0.23329699039459229,-0.14378291368484497,-0.12513870000839233,-0.24410408735275269,-0.16179728507995605,-0.34566736221313477,-0.18254196643829346,-0.41181954741477966,-0.20142993330955505,-0.4737662672996521,-0.08584308624267578,-0.288280725479126,-0.11141514778137207,-0.41010570526123047,-0.1295921802520752,-0.4884380102157593,-0.1475493609905243,-0.5571510493755341,-0.04532593488693237,-0.2993369698524475,-0.06656020879745483,-0.41584038734436035,-0.08342355489730835,-0.4898529648780823,-0.10252565145492554,-0.5521255731582642,-0.0033304691314697266,-0.2875622808933258,-0.017026901245117188,-0.38200992345809937,-0.03183799982070923,-0.4437275826931,-0.05092054605484009,-0.4979287385940552,OPEN_PALM
0.0,0.0,-0.07588943839073181,0.008237898349761963,-0.14490795135498047,-0.04210168123245239,-0.19091659784317017,-0.09799981117248535,-0.2336137294769287,-0.13017362356185913,-0.1276567280292511,-0.24285167455673218,-0.16699820756912231,-0.3430061340332031,-0.19066160917282104,-0.40470385551452637,-0.21162283420562744,-0.46089598536491394,-0.09000027179718018,-0.2867560088634491,-0.11790704727172852,-0.4066172242164612,-0.1400986611843109,-0.48261386156082153,-0.1605960726737976,-0.5452522933483124,-0.05102503299713135,-0.2995493412017822,-0.07467195391654968,-0.4128856658935547,-0.0950920581817627,-0.4879469871520996,-0.1162625253200531,-0.5469341278076172,-0.010274827480316162,-0.2894848585128784,-0.024656474590301514,-0.3850472569465637,-0.041438162326812744,-0.4462459087371826,-0.06301817297935486,-0.4968012571334839,OPEN_PALM
0.0,0.0,-0.07126268744468689,0.015894830226898193,-0.14223507046699524,-0.025574684143066406,-0.18942660093307495,-0.0719253420829773,-0.2309892773628235,-0.0958482027053833,-0.13228857517242432,-0.22207611799240112,-0.17562824487686157,-0.309964120388031,-0.20232823491096497,-0.36550068855285645,-0.2271721363067627,-0.41704413294792175,-0.09957748651504517,-0.2702009677886963,-0.13336139917373657,-0.38444310426712036,-0.15917658805847168,-0.45493435859680176,-0.18339446187019348,-0.5137693285942078,-0.06370711326599121,-0.2893947958946228,-0.09372219443321228,-0.39702218770980835,-0.11770442128181458,-0.46528229117393494,-0.14175695180892944,-0.5196624398231506,-0.02477794885635376,-0.28611549735069275,-0.04781842231750488,-0.3768593668937683,-0.06957089900970459,-0.4315049648284912,-0.0945940613746643,-0.47592484951019287,OPEN_PALM
0.0,0.0,-0.07362529635429382,0.017810583114624023,-0.14379307627677917,-0.023016750812530518,-0.191203773021698,-0.07213729619979858,-0.23479193449020386,-0.09683406352996826,-0.1366083025932312,-0.2202378511428833,-0.17911022901535034,-0.30880364775657654,-0.20550799369812012,-0.36592116951942444,-0.22998306155204773,-0.4190973937511444,-0.10316210985183716,-0.2682885229587555,-0.13649192452430725,-0.3820652365684509,-0.1626461148262024,-0.4528716206550598,-0.18665805459022522,-0.5113941580057144,-0.06667685508728027,-0.28657352924346924,-0.09468919038772583,-0.3940705358982086,-0.11876016855239868,-0.4623830318450928,-0.14271733164787292,-0.5164608210325241,-0.02746504545211792,-0.28331536054611206,-0.0484519898891449,-0.37528103590011597,-0.06932371854782104,-0.4307737350463867,-0.09322881698608398,-0.4762118458747864,OPEN_PALM
0.0,0.0,-0.07698500156402588,0.010420262813568115,-0.14895868301391602,-0.03876209259033203,-0.19616037607192993,-0.09728825092315674,-0.23983466625213623,-0.13088572025299072,-0.1340625286102295,-0.23605722188949585,-0.17541462182998657,-0.3376592993736267,-0.19920089840888977,-0.4015008509159088,-0.22035688161849976,-0.46082380414009094,-0.09562748670578003,-0.2830657362937927,-0.12521129846572876,-0.405854731798172,-0.14747047424316406,-0.48211103677749634,-0.1677004098892212,-0.5455439984798431,-0.05503934621810913,-0.298276424407959,-0.07952964305877686,-0.413676917552948,-0.09997814893722534,-0.48636916279792786,-0.1205517053604126,-0.5446824133396149,-0.012852191925048828,-0.28992047905921936,-0.029126346111297607,-0.38544100522994995,-0.04488182067871094,-0.4458294212818146,-0.06346672773361206,-0.49666112661361694,OPEN_PALM
0.0,0.0,-0.07118511199951172,-0.007492005825042725,-0.136732816696167,-0.06003314256668091,-0.18097573518753052,-0.12551212310791016,-0.21986383199691772,-0.1741282343864441,-0.11583828926086426,-0.24067646265029907,-0.1460312008857727,-0.3510673940181732,-0.15972989797592163,-0.4216497242450714,-0.169025719165802,-0.4861588627099991,-0.07533705234527588,-0.2785288393497467,-0.09699451923370361,-0.40376803278923035,-0.1089133620262146,-0.4829857498407364,-0.11811232566833496,-0.5524296462535858,-0.034036219120025635,-0.2853797376155853,-0.04880869388580322,-0.4034440517425537,-0.059040844440460205,-0.47913290560245514,-0.06909584999084473,-0.5449929535388947,0.008217334747314453,-0.2715357840061188,0.00017905235290527344,-0.3667615056037903,-0.007110595703125,-0.4286993741989136,-0.016191542148590088,-0.48579953610897064,OPEN_PALM
0.0,0.0,-0.06899893283843994,-0.0160139799118042,-0.12968367338180542,-0.07444846630096436,-0.16899317502975464,-0.14803510904312134,-0.20638620853424072,-0.198536217212677,-0.10931473970413208,-0.24946454167366028,-0.1349179744720459,-0.36151614785194397,-0.14464527368545532,-0.4306899905204773,-0.1500130295753479,-0.49367855489254,-0.07056158781051636,-0.2806493639945984,-0.0875898003578186,-0.4045164883136749,-0.09282898902893066,-0.48230451345443726,-0.09524005651473999,-0.5499272644519806,-0.03173542022705078,-0.28323647379875183,-0.042551517486572266,-0.39664626121520996,-0.046758055686950684,-0.4704347252845764,-0.05044758319854736,-0.5332348942756653,0.008296668529510498,-0.2672494053840637,0.003707408905029297,-0.3586909770965576,0.0006486177444458008,-0.4190741777420044,-0.0017484426498413086,-0.4747779816389084,OPEN_PALM
0.0,0.0,-0.06794816255569458,-0.024860084056854248,-0.12389028072357178,-0.08960801362991333,-0.15891242027282715,-0.16810113191604614,-0.19342964887619019,-0.22445574402809143,-0.10058081150054932,-0.2597547173500061,-0.12159448862075806,-0.3729548454284668,-0.12799108028411865,-0.4430965781211853,-0.12985098361968994,-0.5067761093378067,-0.06203806400299072,-0.2870640754699707,-0.07557356357574463,-0.41205716133117676,-0.07757145166397095,-0.4898568391799927,-0.07603240013122559,-0.557643860578537,-0.024165451526641846,-0.28594619035720825,-0.03169965744018555,-0.39827612042427063,-0.033133625984191895,-0.47120995819568634,-0.03360438346862793,-0.5327134877443314,0.014881730079650879,-0.2662202715873718,0.013636350631713867,-0.3551468551158905,0.01416778564453125,-0.4145577549934387,0.01625603437423706,-0.4698701500892639,OPEN_PALM
0.0,0.0,-0.06641221046447754,-0.030268490314483643,-0.12173312902450562,-0.0980793833732605,-0.15606826543807983,-0.17973989248275757,-0.18993502855300903,-0.2378171682357788,-0.09806466102600098,-0.2694353461265564,-0.11870056390762329,-0.38529473543167114,-0.12375229597091675,-0.4560316503047943,-0.12361854314804077,-0.5195942670106888,-0.05959111452102661,-0.2960057854652405,-0.07304853200912476,-0.42323464155197144,-0.07393652200698853,-0.5009333044290543,-0.0709536075592041,-0.5663371682167053,-0.022682011127471924,-0.29360419511795044,-0.029170453548431396,-0.4063912034034729,-0.029367268085479736,-0.47834905982017517,-0.028232872486114502,-0.5389094650745392,0.01576817035675049,-0.2728431522846222,0.016783475875854492,-0.3624250590801239,0.018602371215820312,-0.4207569658756256,0.022419273853302002,-0.4760197103023529,OPEN_PALM
0.0,0.0,-0.06589466333389282,-0.03376924991607666,-0.12110668420791626,-0.1063339114189148,-0.15332108736038208,-0.19160330295562744,-0.18451082706451416,-0.2510398030281067,-0.09528100490570068,-0.2751016914844513,-0.11594301462173462,-0.39249882102012634,-0.12015295028686523,-0.46343618631362915,-0.11845403909683228,-0.5269828140735626,-0.05701178312301636,-0.30098605155944824,-0.07042574882507324,-0.4297986328601837,-0.07017111778259277,-0.5051101893186569,-0.0654328465461731,-0.5674418210983276,-0.020537078380584717,-0.2981622815132141,-0.026698708534240723,-0.4123859107494354,-0.0259779691696167,-0.4827084541320801,-0.02351701259613037,-0.540597677230835,0.01777094602584839,-0.276043564081192,0.0197870135307312,-0.36605578660964966,0.023040711879730225,-0.4238961935043335,0.028573691844940186,-0.478335365653038,OPEN_PALM
0.0,0.0,-0.07406377792358398,-0.021947801113128662,-0.14007920026779175,-0.08583754301071167,-0.18295669555664062,-0.16335290670394897,-0.22155046463012695,-0.22164571285247803,-0.11276108026504517,-0.2764781713485718,-0.13902980089187622,-0.3995623290538788,-0.1490492820739746,-0.47660285234451294,-0.1544797420501709,-0.546989232301712,-0.06910485029220581,-0.3096468150615692,-0.0846676230430603,-0.4453703463077545,-0.09067881107330322,-0.5317734628915787,-0.09410965442657471,-0.6079166829586029,-0.02574014663696289,-0.31066426634788513,-0.034710705280303955,-0.4348873794078827,-0.038706064224243164,-0.5164559930562973,-0.042800188064575195,-0.587079644203186,0.017633497714996338,-0.2906101644039154,0.015177726745605469,-0.39149510860443115,0.0137404203414917,-0.45829981565475464,0.012034773826599121,-0.520201712846756,OPEN_PALM
0.0,0.0,-0.08109164237976074,-0.00017595291137695312,-0.15061509609222412,-0.05214858055114746,-0.19681835174560547,-0.1182284951210022,-0.24119067192077637,-0.1639307141304016,-0.13247352838516235,-0.25790679454803467,-0.16749203205108643,-0.37265774607658386,-0.18479019403457642,-0.44766509532928467,-0.19822299480438232,-0.5166234225034714,-0.08802324533462524,-0.3004341423511505,-0.11257779598236084,-0.4346150755882263,-0.12636637687683105,-0.5195004940032959,-0.1371949315071106,-0.5974872410297394,-0.0421106219291687,-0.30915704369544983,-0.05968230962753296,-0.4364468455314636,-0.07138800621032715,-0.5193036794662476,-0.08313214778900146,-0.5917975008487701,0.004917025566101074,-0.29345518350601196,-0.003818511962890625,-0.39732253551483154,-0.011781036853790283,-0.46365100145339966,-0.022731423377990723,-0.5232837498188019,OPEN_PALM
0.0,0.0,-0.07699614763259888,0.013553500175476074,-0.14879626035690308,-0.0304872989654541,-0.19942450523376465,-0.08747261762619019,-0.24614855647087097,-0.11985599994659424,-0.13534706830978394,-0.23515307903289795,-0.17821955680847168,-0.33849450945854187,-0.2024213671684265,-0.40778040885925293,-0.22277018427848816,-0.4719786196947098,-0.09616756439208984,-0.2850104570388794,-0.12812435626983643,-0.4106670618057251,-0.1497020125389099,-0.49086838960647583,-0.16922986507415771,-0.5617948174476624,-0.05395376682281494,-0.30124175548553467,-0.0778050422668457,-0.4232627749443054,-0.09751462936401367,-0.5008164495229721,-0.11795365810394287,-0.5666835308074951,-0.010020315647125244,-0.2945655286312103,-0.026524841785430908,-0.3955942392349243,-0.04223531484603882,-0.46194078028202057,-0.06086772680282593,-0.5208042711019516,OPEN_PALM
0.0,0.0,-0.07900458574295044,0.02885979413986206,-0.15554839372634888,-0.006022334098815918,-0.2083885669708252,-0.05500495433807373,-0.2555503249168396,-0.0808643102645874,-0.15180924534797668,-0.2147371768951416,-0.2022530436515808,-0.3099991977214813,-0.2315967082977295,-0.37230104207992554,-0.2577044367790222,-0.4300817847251892,-0.11619096994400024,-0.27113473415374756,-0.15627428889274597,-0.39276015758514404,-0.18345943093299866,-0.4690741151571274,-0.20745882391929626,-0.5311535000801086,-0.07592561841011047,-0.29580962657928467,-0.10890477895736694,-0.4119940400123596,-0.13480791449546814,-0.48288004100322723,-0.16027569770812988,-0.5383392125368118,-0.03196519613265991,-0.2992805540561676,-0.05620676279067993,-0.39741531014442444,-0.07824945449829102,-0.4566422700881958,-0.10287460684776306,-0.5043240338563919,OPEN_PALM
0.0,0.0,-0.07877349853515625,0.03173959255218506,-0.15632998943328857,0.006874680519104004,-0.2109832912683487,-0.033254802227020264,-0.25792038440704346,-0.05171072483062744,-0.15890005230903625,-0.20374000072479248,-0.21092423796653748,-0.2928760051727295,-0.24291662871837616,-0.34822192788124084,-0.2728220373392105,-0.3998684883117676,-0.12627360224723816,-0.2636699378490448,-0.1718236207962036,-0.3812253177165985,-0.20340560376644135,-0.45338404178619385,-0.23180067539215088,-0.5141353756189346,-0.08854252099990845,-0.2919224798679352,-0.12611573934555054,-0.40468400716781616,-0.15579181909561157,-0.47196921706199646,-0.18496659398078918,-0.5250154882669449,-0.04591202735900879,-0.29918181896209717,-0.07389304041862488,-0.39476972818374634,-0.1002507209777832,-0.4490963816642761,-0.12951749563217163,-0.4917156249284744,OPEN_PALM
0.0,0.0,-0.07968652248382568,0.03175818920135498,-0.16059264540672302,0.0036046504974365234,-0.2164662480354309,-0.035519540309906006,-0.264815092086792,-0.05112391710281372,-0.16502034664154053,-0.20764648914337158,-0.21850401163101196,-0.2986797094345093,-0.25071941316127777,-0.35360655188560486,-0.28100383281707764,-0.4054080843925476,-0.1322256624698639,-0.26836392283439636,-0.1789931356906891,-0.39153698086738586,-0.21113112568855286,-0.4629945755004883,-0.24070335924625397,-0.5220588594675064,-0.09455844759941101,-0.2974700331687927,-0.13415181636810303,-0.41519200801849365,-0.16544917225837708,-0.4828929007053375,-0.19618843495845795,-0.5340530574321747,-0.051739633083343506,-0.30422481894493103,-0.08051422238349915,-0.40254876017570496,-0.10801050066947937,-0.4581295847892761,-0.13912194967269897,-0.5006045997142792,OPEN_PALM
0.0,0.0,-0.0824533998966217,0.03288280963897705,-0.16325828433036804,0.005044281482696533,-0.2169957309961319,-0.03605550527572632,-0.26568087935447693,-0.05213874578475952,-0.16679231822490692,-0.20813310146331787,-0.22084611654281616,-0.2987496256828308,-0.2536601573228836,-0.3541327714920044,-0.28443095088005066,-0.4058283567428589,-0.13353300094604492,-0.2671654224395752,-0.1792721450328827,-0.3922620713710785,-0.21141578257083893,-0.46205413341522217,-0.24119342863559723,-0.5200352519750595,-0.0960741937160492,-0.2952966094017029,-0.13509461283683777,-0.41404640674591064,-0.16768322885036469,-0.4807714819908142,-0.19952203333377838,-0.5308896452188492,-0.0533546507358551,-0.301617830991745,-0.08176302909851074,-0.4018732011318207,-0.11016231775283813,-0.4576108455657959,-0.1424574851989746,-0.4994637966156006,OPEN_PALM
0.0,0.0,-0.08093604445457458,0.03201824426651001,-0.16435730457305908,0.0036396384239196777,-0.2199213206768036,-0.03636974096298218,-0.2692472040653229,-0.05226618051528931,-0.16861657798290253,-0.211528480052948,-0.22429805994033813,-0.3012411594390869,-0.25790105760097504,-0.35630786418914795,-0.28948046267032623,-0.4079129695892334,-0.13526514172554016,-0.27192291617393494,-0.18166892230510712,-0.39760321378707886,-0.2138248085975647,-0.46828070282936096,-0.24391059577465057,-0.5269276797771454,-0.09731155633926392,-0.30077123641967773,-0.13768282532691956,-0.419819176197052,-0.17064639925956726,-0.48767536878585815,-0.202943354845047,-0.5383860617876053,-0.05374068021774292,-0.3065490424633026,-0.08308765292167664,-0.4069259464740753,-0.1116841733455658,-0.46280962228775024,-0.14429524540901184,-0.5038894414901733,OPEN_PALM
0.0,0.0,-0.0828092098236084,0.03248393535614014,-0.16384994983673096,0.005227923393249512,-0.2206520438194275,-0.0371546745300293,-0.2713334709405899,-0.05863302946090698,-0.16305315494537354,-0.2152787446975708,-0.2170262336730957,-0.30948251485824585,-0.2504848837852478,-0.36871373653411865,-0.2816928029060364,-0.4233315587043762,-0.1282770037651062,-0.27482542395591736,-0.1731819212436676,-0.3971313536167145,-0.20692700147628784,-0.47271740436553955,-0.23794123530387878,-0.5360328704118729,-0.08860903978347778,-0.30165597796440125,-0.1259177327156067,-0.4185248911380768,-0.15688857436180115,-0.4910355806350708,-0.18738201260566711,-0.5474309027194977,-0.044527411460876465,-0.3048613965511322,-0.0736384391784668,-0.4043906629085541,-0.10054183006286621,-0.46254438161849976,-0.13045763969421387,-0.5077698826789856,OPEN_PALM
0.0,0.0,-0.08275985717773438,0.025229930877685547,-0.1632152795791626,-0.010251164436340332,-0.21961265802383423,-0.05695652961730957,-0.27019526064395905,-0.08344435691833496,-0.15826767683029175,-0.23088306188583374,-0.21135516464710236,-0.32919052243232727,-0.2437933087348938,-0.3936581313610077,-0.2731989026069641,-0.4550398588180542,-0.12155115604400635,-0.2896033525466919,-0.16438829898834229,-0.4180108606815338,-0.1961728036403656,-0.49898555874824524,-0.225751131772995,-0.5683545470237732,-0.08060455322265625,-0.31379398703575134,-0.1165766716003418,-0.43611475825309753,-0.14515861868858337,-0.5148279517889023,-0.17356467247009277,-0.5783889591693878,-0.03498169779777527,-0.31312045454978943,-0.06116282939910889,-0.41570210456848145,-0.08623829483985901,-0.4776665270328522,-0.1153143048286438,-0.5270079523324966,OPEN_PALM
0.0,0.0,-0.08220022916793823,0.022310316562652588,-0.1636558175086975,-0.014526188373565674,-0.22065337002277374,-0.06188839673995972,-0.27081598341464996,-0.0900002121925354,-0.15970760583877563,-0.2362610101699829,-0.21256831288337708,-0.33455589413642883,-0.244849294424057,-0.39915192127227783,-0.27384382486343384,-0.46051889657974243,-0.12305739521980286,-0.2949713170528412,-0.16544893383979797,-0.4215976595878601,-0.19647011160850525,-0.5032430589199066,-0.22525537014007568,-0.5728186964988708,-0.08182239532470703,-0.3186899721622467,-0.11817073822021484,-0.43879178166389465,-0.1470765471458435,-0.5176272988319397,-0.17596092820167542,-0.5811576247215271,-0.035523056983947754,-0.31699758768081665,-0.061467647552490234,-0.4192391335964203,-0.08554470539093018,-0.4814700484275818,-0.1135285496711731,-0.5313155800104141,OPEN_PALM
0.0,0.0,-0.08110705018043518,0.022592544555664062,-0.16174542903900146,-0.015874922275543213,-0.21870166063308716,-0.06526166200637817,-0.26932086050510406,-0.09370899200439453,-0.15597447752952576,-0.23842191696166992,-0.2085925042629242,-0.33872470259666443,-0.24076130986213684,-0.4045148491859436,-0.2701479345560074,-0.46710503101348877,-0.11766010522842407,-0.2967188060283661,-0.15905895829200745,-0.4246295690536499,-0.19097483158111572,-0.5073856711387634,-0.22168374061584473,-0.5777964293956757,-0.0756155252456665,-0.32062625885009766,-0.11170804500579834,-0.44087544083595276,-0.1409810185432434,-0.5211335569620132,-0.17087912559509277,-0.5850653350353241,-0.0295141339302063,-0.3194344937801361,-0.05634346604347229,-0.4227399230003357,-0.08084350824356079,-0.4862883687019348,-0.10938328504562378,-0.5373711585998535,OPEN_PALM
0.0,0.0,-0.08252418041229248,0.02118861675262451,-0.1638672947883606,-0.017159104347229004,-0.22122706472873688,-0.06664526462554932,-0.27228571474552155,-0.09631961584091187,-0.1580394208431244,-0.24211007356643677,-0.21068480610847473,-0.3440300226211548,-0.2428692877292633,-0.41178977489471436,-0.2714858651161194,-0.47617101669311523,-0.12065818905830383,-0.2997370958328247,-0.16292646527290344,-0.42922738194465637,-0.19361093640327454,-0.51247638463974,-0.22193637490272522,-0.5843418538570404,-0.0786859393119812,-0.322593092918396,-0.1142924427986145,-0.44558781385421753,-0.14251628518104553,-0.5280545204877853,-0.17064684629440308,-0.5948024988174438,-0.03164514899253845,-0.3198157846927643,-0.05642220377922058,-0.423902302980423,-0.07986187934875488,-0.48876577615737915,-0.10742947459220886,-0.5409395396709442,OPEN_PALM
0.0,0.0,-0.08298936486244202,0.022928059101104736,-0.16560333967208862,-0.01803511381149292,-0.22318440675735474,-0.07046067714691162,-0.2744908779859543,-0.09958207607269287,-0.1585746705532074,-0.24638724327087402,-0.21184992790222168,-0.3519253432750702,-0.24372278153896332,-0.4209372103214264,-0.27230818569660187,-0.48553723096847534,-0.1193566620349884,-0.30383598804473877,-0.1605294942855835,-0.43473896384239197,-0.19186070561408997,-0.5196146816015244,-0.2215765118598938,-0.5922213494777679,-0.07593950629234314,-0.3259586989879608,-0.11100757122039795,-0.44911766052246094,-0.13908278942108154,-0.5325036197900772,-0.16734248399734497,-0.5990840196609497,-0.028366178274154663,-0.32288557291030884,-0.05403614044189453,-0.42726433277130127,-0.07765007019042969,-0.49317067861557007,-0.1049407422542572,-0.5462634116411209,OPEN_PALM
0.0,0.0,-0.08392590284347534,0.02108931541442871,-0.166656494140625,-0.020190775394439697,-0.2256033569574356,-0.07074785232543945,-0.2768273502588272,-0.10090523958206177,-0.1609533429145813,-0.25021493434906006,-0.21564345061779022,-0.3550835847854614,-0.2482331246137619,-0.42356204986572266,-0.27676431834697723,-0.4886988401412964,-0.12106329202651978,-0.30977967381477356,-0.16457143425941467,-0.4432665705680847,-0.19648298621177673,-0.5301453769207001,-0.22612063586711884,-0.60365229845047,-0.07710763812065125,-0.3325810134410858,-0.11371240019798279,-0.4586693048477173,-0.14315366744995117,-0.5414964854717255,-0.17284497618675232,-0.6069640815258026,-0.02901691198348999,-0.32909172773361206,-0.056356966495513916,-0.436171293258667,-0.08128923177719116,-0.5028699636459351,-0.11030352115631104,-0.5573487728834152,OPEN_PALM
0.0,0.0,-0.08469727635383606,0.02801203727722168,-0.16823536157608032,-0.005613565444946289,-0.22624197602272034,-0.052144408226013184,-0.27675318717956543,-0.07992666959762573,-0.16664013266563416,-0.2392815351486206,-0.22172534465789795,-0.34215256571769714,-0.2559182941913605,-0.4051283895969391,-0.2878240793943405,-0.4621710777282715,-0.12918314337730408,-0.29895225167274475,-0.17374491691589355,-0.42820030450820923,-0.20851607620716095,-0.5079729557037354,-0.2414146065711975,-0.5751755982637405,-0.08678501844406128,-0.3233645260334015,-0.12423491477966309,-0.447428435087204,-0.1558612883090973,-0.5247066020965576,-0.1875319480895996,-0.5856019556522369,-0.04001957178115845,-0.32226574420928955,-0.06815275549888611,-0.4264134466648102,-0.09487375617027283,-0.4878638684749603,-0.1251891553401947,-0.5366212129592896,OPEN_PALM
0.0,0.0,-0.08657780289649963,0.027078449726104736,-0.173040509223938,-0.011225998401641846,-0.2331254780292511,-0.061136066913604736,-0.2867676764726639,-0.08828157186508179,-0.17046913504600525,-0.24882596731185913,-0.22702930867671967,-0.35289958119392395,-0.2613803297281265,-0.42262351512908936,-0.2925834655761719,-0.4885660707950592,-0.13055667281150818,-0.30990999937057495,-0.17476102709770203,-0.4432419538497925,-0.20879855751991272,-0.5301346182823181,-0.24112801253795624,-0.6046929657459259,-0.08601388335227966,-0.3335552215576172,-0.12321686744689941,-0.4595804810523987,-0.15414321422576904,-0.5442517995834351,-0.18542367219924927,-0.6121814548969269,-0.03679439425468445,-0.3305493891239166,-0.06336051225662231,-0.4374464452266693,-0.08863121271133423,-0.503897488117218,-0.11798471212387085,-0.5566113293170929,OPEN_PALM
0.0,0.0,-0.08799663186073303,0.019965291023254395,-0.17436620593070984,-0.025592803955078125,-0.23333024978637695,-0.08146905899047852,-0.286517858505249,-0.11236768960952759,-0.1641051471233368,-0.260759174823761,-0.2189251184463501,-0.37124818563461304,-0.2514646351337433,-0.4447561502456665,-0.27972839772701263,-0.5138277411460876,-0.12261837720870972,-0.3188750743865967,-0.16525423526763916,-0.45691215991973877,-0.1962774693965912,-0.5459061861038208,-0.22481447458267212,-0.6221254467964172,-0.07675042748451233,-0.33852940797805786,-0.11165720224380493,-0.47038590908050537,-0.13934916257858276,-0.5585083365440369,-0.16701030731201172,-0.6309728026390076,-0.026629865169525146,-0.3297731876373291,-0.050702691078186035,-0.4385209083557129,-0.07343336939811707,-0.5075033009052277,-0.10013642907142639,-0.5647716820240021,OPEN_PALM
0.0,0.0,-0.0867723822593689,0.01183992624282837,-0.16964879631996155,-0.039978861808776855,-0.2256174087524414,-0.09964889287948608,-0.27769947052001953,-0.13214105367660522,-0.15470200777053833,-0.2734246253967285,-0.20610922574996948,-0.38949763774871826,-0.23661953210830688,-0.4655521512031555,-0.2632744312286377,-0.5345529913902283,-0.10995674133300781,-0.3274315297603607,-0.1478235423564911,-0.46902477741241455,-0.17638525366783142,-0.5620872527360916,-0.20304518938064575,-0.6416277587413788,-0.06232750415802002,-0.3431946933269501,-0.092526376247406,-0.47751837968826294,-0.11681237816810608,-0.5664327889680862,-0.14169171452522278,-0.6393474042415619,-0.011498808860778809,-0.33085331320762634,-0.03083258867263794,-0.4409048855304718,-0.05062776803970337,-0.5128368735313416,-0.07494676113128662,-0.5739259421825409,OPEN_PALM
0.0,0.0,-0.08653610944747925,0.006328880786895752,-0.1708468198776245,-0.04607963562011719,-0.22831225395202637,-0.10700279474258423,-0.2798687815666199,-0.14172899723052979,-0.15453925728797913,-0.2816075086593628,-0.2050270438194275,-0.4024583697319031,-0.2339635193347931,-0.4809163808822632,-0.2592042088508606,-0.5527192056179047,-0.1083630919456482,-0.3354834318161011,-0.14544814825057983,-0.480190634727478,-0.17328545451164246,-0.573083683848381,-0.19963392615318298,-0.6534411013126373,-0.05934259295463562,-0.35019761323928833,-0.08847427368164062,-0.4882656931877136,-0.11276492476463318,-0.5776103436946869,-0.13796013593673706,-0.6516384482383728,-0.007548391819000244,-0.3358071446418762,-0.02634108066558838,-0.4477503001689911,-0.0454409122467041,-0.5204890966415405,-0.0686899721622467,-0.5837673991918564,OPEN_PALM
0.0,0.0,-0.08656543493270874,0.008277297019958496,-0.17096811532974243,-0.04537844657897949,-0.2295709252357483,-0.10601639747619629,-0.2825086712837219,-0.13817191123962402,-0.15434801578521729,-0.2790171504020691,-0.20487761497497559,-0.3993316888809204,-0.23478806018829346,-0.4770117402076721,-0.2611980438232422,-0.5480399578809738,-0.10822683572769165,-0.3331109285354614,-0.14502063393592834,-0.47713732719421387,-0.173432856798172,-0.5706360936164856,-0.20065844058990479,-0.651263564825058,-0.059326112270355225,-0.3481884300708771,-0.08879604935646057,-0.4865260720252991,-0.11336204409599304,-0.575207382440567,-0.1391286551952362,-0.6478568613529205,-0.007653772830963135,-0.33398687839508057,-0.026769399642944336,-0.44574251770973206,-0.046034932136535645,-0.5188647508621216,-0.06994661688804626,-0.5807975828647614,OPEN_PALM
0.0,0.0,-0.08928880095481873,0.00137251615524292,-0.17247265577316284,-0.05393737554550171,-0.2320249378681183,-0.11773723363876343,-0.28554368019104004,-0.15266871452331543,-0.15268069505691528,-0.2885214686393738,-0.20063504576683044,-0.411806583404541,-0.22846704721450806,-0.4939001202583313,-0.2528824806213379,-0.5682882964611053,-0.10377877950668335,-0.34140101075172424,-0.1375555396080017,-0.4873422086238861,-0.1638186275959015,-0.5846589952707291,-0.1886231005191803,-0.6701853573322296,-0.053337156772613525,-0.3529512882232666,-0.08031389117240906,-0.4934576153755188,-0.10168281197547913,-0.5867457985877991,-0.1236998438835144,-0.6648001074790955,-0.0015274286270141602,-0.3350881338119507,-0.016273200511932373,-0.4502916932106018,-0.030973851680755615,-0.5294318199157715,-0.04963493347167969,-0.5989781022071838,OPEN_PALM
0.0,0.0,-0.086403489112854,-0.010533750057220459,-0.16419780254364014,-0.07296013832092285,-0.21924513578414917,-0.1435164213180542,-0.2696293592453003,-0.19166135787963867,-0.13982799649238586,-0.3005807101726532,-0.17845505475997925,-0.4278627634048462,-0.1984005570411682,-0.5124090015888214,-0.2146875262260437,-0.5904637277126312,-0.09059393405914307,-0.34608015418052673,-0.11688894033432007,-0.4979448914527893,-0.13325494527816772,-0.5964012444019318,-0.1473739743232727,-0.6865639984607697,-0.039717912673950195,-0.3511223793029785,-0.05827140808105469,-0.4938655495643616,-0.07284295558929443,-0.5894225388765335,-0.08857405185699463,-0.6725035011768341,0.011686325073242188,-0.32800254225730896,0.0046042799949646,-0.445068895816803,-0.004505932331085205,-0.5236165225505829,-0.017945289611816406,-0.5948315262794495,OPEN_PALM
0.0,0.0,-0.08384823799133301,-0.018523097038269043,-0.1569756269454956,-0.08967334032058716,-0.20825880765914917,-0.16289061307907104,-0.2565937042236328,-0.21952545642852783,-0.12838202714920044,-0.31261396408081055,-0.15953868627548218,-0.4456128776073456,-0.17333555221557617,-0.5345985144376755,-0.18296456336975098,-0.6140804886817932,-0.07762730121612549,-0.3513809144496918,-0.09883928298950195,-0.5023472458124161,-0.10963606834411621,-0.6015796959400177,-0.11856454610824585,-0.6902972161769867,-0.02618241310119629,-0.3518208861351013,-0.03947913646697998,-0.4945710748434067,-0.04694724082946777,-0.5883779525756836,-0.05519980192184448,-0.6716401875019073,0.025194287300109863,-0.3250632882118225,0.019620001316070557,-0.44092878699302673,0.013792335987091064,-0.5196502804756165,0.006451547145843506,-0.5924435257911682,OPEN_PALM
0.0,0.0,-0.08460748195648193,-0.02150791883468628,-0.15774321556091309,-0.09581351280212402,-0.20640921592712402,-0.18027275800704956,-0.2537537217140198,-0.24311119318008423,-0.12427717447280884,-0.3177861273288727,-0.15543848276138306,-0.4530366361141205,-0.16874700784683228,-0.5405041128396988,-0.17724692821502686,-0.620731920003891,-0.07346218824386597,-0.35547059774398804,-0.09107881784439087,-0.5110282301902771,-0.10034030675888062,-0.6114634573459625,-0.10697919130325317,-0.7010556161403656,-0.02323967218399048,-0.3543323278427124,-0.03283965587615967,-0.5003374814987183,-0.038906097412109375,-0.5956368446350098,-0.045510709285736084,-0.6799996495246887,0.026252150535583496,-0.32621797919273376,0.02512139081954956,-0.4428851306438446,0.02298790216445923,-0.5215252637863159,0.017691195011138916,-0.5949965864419937,OPEN_PALM
0.0,0.0,-0.08014684915542603,-0.024634897708892822,-0.15145498514175415,-0.09840232133865356,-0.1980847716331482,-0.17995846271514893,-0.24220100045204163,-0.2418961524963379,-0.11836332082748413,-0.31622153520584106,-0.14647763967514038,-0.45061570405960083,-0.1584916114807129,-0.5376641601324081,-0.16582012176513672,-0.6175572276115417,-0.0679548978805542,-0.35232168436050415,-0.0835767388343811,-0.5061289370059967,-0.09139776229858398,-0.6059432327747345,-0.09656786918640137,-0.6961353123188019,-0.01806086301803589,-0.34932807087898254,-0.026149272918701172,-0.4931356906890869,-0.03097754716873169,-0.5878163576126099,-0.03658169507980347,-0.6725968420505524,0.030768215656280518,-0.3193494379520416,0.03088444471359253,-0.43514886498451233,0.029717624187469482,-0.5125856399536133,0.02539229393005371,-0.5851742029190063,OPEN_PALM
